order_id,customer_id,product_id,quantity,order_ts,status
1,201,31,,2024-09-12 20:56:02,COMPLETED
2,202,40,,2024-02-06 06:25:54,COMPLETED
3,203,16,,2024-03-28 05:48:09,COMPLETED
4,204,2,-4,2024-04-05 02:05:52,CANCELLED
5,205,5,-1,2024-06-09 22:52:12,COMPLETED
6,206,13,,2024-07-10 23:55:45,COMPLETED
7,207,1,,2024-10-29 07:24:14,COMPLETED
8,208,34,-4,2024-01-20 12:04:09,COMPLETED
9,209,30,-5,2024-11-07 05:44:38,COMPLETED
10,210,36,,2024-05-03 05:25:52,CANCELLED
11,211,40,-5,2024-06-14 17:30:43,COMPLETED
12,212,29,,2024-10-15 19:22:15,COMPLETED
13,213,17,,2024-11-22 04:05:22,COMPLETED
14,214,34,-1,2024-08-31 09:43:07,COMPLETED
15,215,5,-5,2024-04-01 01:38:18,COMPLETED
16,216,35,,2024-02-23 17:44:23,COMPLETED
17,217,10,-4,2024-01-25 22:39:22,COMPLETED
18,218,35,-1,2024-06-10 11:17:48,COMPLETED
19,219,25,-5,2024-09-27 02:44:38,COMPLETED
20,220,37,,2024-07-04 05:46:24,COMPLETED
21,221,20,,2024-11-27 10:42:41,COMPLETED
22,222,35,,2024-11-06 15:18:42,COMPLETED
23,223,32,-5,2024-04-15 23:56:29,COMPLETED
24,224,25,,2024-09-16 18:21:14,COMPLETED
25,225,11,,2024-12-23 02:44:56,COMPLETED
26,226,35,,2024-12-18 05:11:22,COMPLETED
27,227,2,,2024-09-06 14:51:39,COMPLETED
28,228,12,,2024-04-11 00:49:57,COMPLETED
29,229,30,-3,2024-05-11 01:43:59,COMPLETED
30,230,18,,2024-04-07 23:20:27,COMPLETED
31,231,2,-1,2024-01-21 05:28:22,CANCELLED
32,232,15,,2024-10-30 09:37:11,CANCELLED
33,233,2,-5,2024-03-18 10:10:34,COMPLETED
34,234,10,,2024-02-19 00:27:53,COMPLETED
35,235,37,-3,2024-06-29 14:25:51,COMPLETED
36,236,24,-2,2024-08-23 07:19:45,COMPLETED
37,237,8,,2024-04-30 19:05:34,COMPLETED
38,238,20,-1,2024-09-20 01:20:03,CANCELLED
39,239,26,,2024-01-30 12:20:18,COMPLETED
40,240,16,-4,2024-09-27 18:18:35,COMPLETED
41,241,39,,2024-11-05 05:22:31,CANCELLED
42,242,23,,2024-06-15 08:46:20,COMPLETED
43,243,33,,2024-01-05 21:55:35,COMPLETED
44,244,7,-3,2024-05-20 15:50:13,COMPLETED
45,245,10,-2,2024-03-09 09:42:55,COMPLETED
46,246,18,,2024-11-09 20:57:45,CANCELLED
47,247,31,-1,2024-06-18 03:50:54,COMPLETED
48,248,18,-5,2024-11-26 18:32:31,COMPLETED
49,249,18,-3,2024-04-04 16:58:19,COMPLETED
50,250,40,,2024-05-10 15:26:37,COMPLETED
51,251,12,,2024-03-23 09:06:01,COMPLETED
52,252,22,-5,2024-12-07 21:10:36,COMPLETED
53,253,36,-1,2024-07-19 15:18:53,CANCELLED
54,254,16,-5,2024-07-08 17:52:32,COMPLETED
55,255,31,,2024-06-23 01:17:22,COMPLETED
56,256,19,,2024-06-06 01:17:30,COMPLETED
57,257,38,,2024-07-02 19:06:26,COMPLETED
58,258,28,-1,2024-05-08 11:11:54,COMPLETED
59,259,18,-1,2024-04-07 15:15:07,COMPLETED
60,260,13,-1,2024-02-16 10:19:51,COMPLETED
61,261,12,-2,2024-03-25 00:51:03,COMPLETED
62,262,38,,2024-08-19 18:29:34,COMPLETED
63,263,13,-4,2024-03-29 08:17:48,COMPLETED
64,264,1,-4,2024-02-19 03:50:19,COMPLETED
65,265,36,,2024-09-27 20:24:04,CANCELLED
66,266,32,,2024-12-04 22:20:15,COMPLETED
67,267,31,,2024-06-20 01:28:00,COMPLETED
68,268,17,,2024-02-14 07:22:09,COMPLETED
69,269,32,,2024-08-12 02:13:37,COMPLETED
70,270,10,,2024-11-11 00:23:31,COMPLETED
71,271,6,,2024-02-16 00:02:54,COMPLETED
72,272,39,-5,2024-11-03 02:14:19,COMPLETED
73,273,34,,2024-06-23 23:05:56,CANCELLED
74,274,38,-5,2024-04-28 14:21:00,COMPLETED
75,275,40,,2024-10-23 05:13:30,COMPLETED
76,276,17,,2024-03-01 23:52:41,COMPLETED
77,277,5,,2024-01-02 00:56:22,COMPLETED
78,278,39,,2024-04-23 02:44:00,COMPLETED
79,279,19,,2024-01-28 15:26:36,COMPLETED
80,280,38,-3,2024-06-14 02:34:56,COMPLETED
81,281,10,-1,2024-11-17 00:45:39,COMPLETED
82,282,11,-5,2024-08-19 02:12:44,COMPLETED
83,283,19,,2024-02-18 07:03:36,COMPLETED
84,284,26,,2024-07-13 08:44:19,COMPLETED
85,285,6,,2024-01-16 11:31:45,COMPLETED
86,286,21,,2024-04-07 05:35:52,COMPLETED
87,287,37,-1,2024-01-09 01:21:41,CANCELLED
88,288,18,,2024-01-16 14:59:10,COMPLETED
89,289,31,,2024-09-10 00:30:30,COMPLETED
90,290,12,-4,2024-06-18 06:44:33,COMPLETED
91,291,6,-1,2024-05-15 03:13:55,COMPLETED
92,292,7,,2024-05-08 01:59:34,COMPLETED
93,293,19,-1,2024-11-11 22:59:06,COMPLETED
94,294,30,,2024-05-02 03:30:44,COMPLETED
95,295,26,,2024-11-16 08:52:43,CANCELLED
95,295,26,,2024-11-16 08:52:43,CANCELLED
96,296,35,-3,2024-06-09 11:44:47,COMPLETED
97,297,24,-2,2024-10-20 18:33:40,COMPLETED
98,298,4,,2024-04-13 17:08:40,COMPLETED
99,299,29,,2024-02-17 03:46:23,COMPLETED
100,300,39,-1,2024-10-02 15:39:19,COMPLETED
101,142,1,-3,2024-06-07 10:44:55,COMPLETED
102,30,30,,2024-09-08 13:05:30,COMPLETED
103,128,19,,2024-09-30 22:54:46,COMPLETED
104,124,31,-2,2024-06-26 09:33:30,COMPLETED
105,99,13,-2,2024-07-16 09:08:54,COMPLETED
106,35,5,-4,2024-10-27 01:51:15,COMPLETED
107,107,22,-3,2024-04-13 18:13:46,COMPLETED
108,73,20,-5,2024-08-13 05:16:39,CANCELLED
109,126,10,,2024-07-28 03:56:05,COMPLETED
110,86,36,-5,2024-05-26 11:51:09,COMPLETED
111,83,13,,2024-08-10 01:32:25,COMPLETED
112,199,27,-4,2024-05-03 13:37:05,COMPLETED
113,181,25,-2,2024-09-14 18:01:41,COMPLETED
114,167,10,,2024-01-15 09:02:52,COMPLETED
115,152,22,-5,2024-12-05 12:02:41,COMPLETED
116,26,34,-1,2024-01-06 23:02:59,COMPLETED
117,105,10,,2024-07-01 07:58:10,COMPLETED
118,68,22,,2024-09-26 00:28:29,COMPLETED
119,21,22,,2024-05-27 13:56:39,CANCELLED
120,161,32,-5,2024-01-14 22:36:13,COMPLETED
121,61,19,-2,2024-10-17 00:22:01,COMPLETED
122,26,7,,2024-03-05 14:37:55,COMPLETED
123,8,3,,2024-11-05 04:35:41,COMPLETED
124,92,24,,2024-02-26 12:48:31,COMPLETED
125,106,37,,2024-03-07 00:21:44,COMPLETED
126,157,25,,2024-09-22 07:16:32,COMPLETED
127,150,10,-4,2024-06-28 02:13:43,COMPLETED
128,118,17,-5,2024-12-15 02:26:05,COMPLETED
129,74,35,-1,2024-01-29 16:26:34,COMPLETED
130,89,38,-3,2024-09-05 03:20:25,CANCELLED
131,177,17,,2024-11-24 06:48:13,COMPLETED
132,99,31,-3,2024-04-02 02:55:02,COMPLETED
133,92,37,,2024-09-28 13:45:12,COMPLETED
134,169,26,-3,2024-01-04 03:28:42,COMPLETED
135,176,4,-2,2024-10-16 09:30:28,COMPLETED
136,74,15,-4,2024-11-07 10:32:51,COMPLETED
137,163,13,-3,2024-04-07 08:00:39,COMPLETED
138,185,9,-5,2024-12-16 20:19:58,COMPLETED
139,11,20,-5,2024-01-13 22:58:47,COMPLETED
140,188,9,,2024-12-19 06:20:44,COMPLETED
141,192,27,,2024-03-18 23:32:35,COMPLETED
142,139,24,-5,2024-07-13 21:03:58,CANCELLED
143,43,17,-4,2024-11-09 05:01:03,COMPLETED
144,87,8,,2024-01-30 05:50:27,COMPLETED
145,58,26,,2024-05-22 01:16:14,COMPLETED
146,102,1,,2024-07-27 09:12:59,COMPLETED
147,95,17,,2024-05-27 23:24:54,COMPLETED
148,96,7,-1,2024-07-02 02:28:58,COMPLETED
149,144,21,-4,2024-03-26 23:17:30,COMPLETED
150,163,30,-1,2024-09-09 03:21:00,COMPLETED
151,36,3,1,2024-04-28 04:53:00,CANCELLED
152,30,7,4,2024-12-10 13:51:22,COMPLETED
153,100,30,6,2024-09-17 09:23:04,CANCELLED
154,179,35,7,2024-08-16 02:24:31,COMPLETED
155,40,27,2,2024-11-19 18:34:57,COMPLETED
156,105,18,1,2024-09-25 01:52:55,COMPLETED
157,114,29,4,2024-11-28 05:22:25,COMPLETED
158,176,24,9,2024-12-16 04:25:04,CANCELLED
159,92,4,7,2024-04-17 03:24:05,COMPLETED
160,32,30,2,2024-09-14 09:27:08,COMPLETED
161,164,39,1,2024-01-20 15:25:33,COMPLETED
162,63,9,10,2024-03-20 16:39:16,COMPLETED
163,196,36,4,2024-08-15 17:29:11,COMPLETED
164,60,22,3,2024-11-02 06:41:33,CANCELLED
165,1,18,3,2024-02-20 11:36:52,COMPLETED
166,45,8,1,2024-02-21 04:29:42,COMPLETED
167,61,38,6,2024-01-07 03:05:25,COMPLETED
168,14,9,7,2024-07-23 07:28:21,COMPLETED
169,17,31,8,2024-10-29 03:38:39,COMPLETED
170,152,7,8,2024-07-14 16:07:01,COMPLETED
171,158,3,9,2024-04-27 03:23:54,COMPLETED
172,8,4,8,2024-11-25 01:23:41,COMPLETED
173,176,7,8,2024-10-03 16:03:41,CANCELLED
174,19,6,6,2024-08-24 05:44:34,COMPLETED
175,33,18,10,2024-09-02 20:42:09,COMPLETED
176,183,21,7,2024-08-20 00:05:44,COMPLETED
177,117,33,10,2024-06-16 01:44:54,COMPLETED
178,180,8,9,2024-10-06 22:42:53,COMPLETED
179,111,29,4,2024-06-09 17:01:19,COMPLETED
180,117,26,7,2024-10-10 08:28:53,COMPLETED
181,110,21,5,2024-05-25 08:44:18,CANCELLED
182,176,31,2,2024-02-05 10:16:35,COMPLETED
183,24,28,2,2024-10-16 04:04:19,COMPLETED
184,34,36,1,2024-08-15 18:15:02,CANCELLED
185,144,22,2,2024-06-08 13:00:50,COMPLETED
186,171,28,1,2024-04-21 16:54:01,COMPLETED
187,91,7,10,2024-07-16 01:25:39,COMPLETED
188,169,31,4,2024-11-25 01:10:26,COMPLETED
189,143,24,2,2024-10-23 03:59:58,COMPLETED
190,58,28,9,2024-10-25 00:59:22,COMPLETED
191,158,36,1,2024-08-24 12:14:38,CANCELLED
192,178,18,1,2024-03-11 01:35:58,COMPLETED
193,196,20,6,2024-05-16 07:46:31,COMPLETED
193,196,20,6,2024-05-16 07:46:31,COMPLETED
194,37,37,7,2024-01-28 00:34:59,COMPLETED
195,163,2,2,2024-10-16 18:15:56,COMPLETED
196,97,27,8,2024-05-12 09:22:51,COMPLETED
197,80,21,10,2024-08-19 13:12:30,COMPLETED
198,14,10,3,2024-10-19 23:51:07,COMPLETED
199,173,6,5,2024-06-21 02:06:44,COMPLETED
200,125,39,8,2024-06-09 20:28:20,COMPLETED
201,194,33,2,2024-05-14 01:14:39,COMPLETED
202,73,38,8,2024-07-23 15:22:54,COMPLETED
203,12,15,7,2024-08-20 18:06:48,COMPLETED
204,53,20,4,2024-10-25 00:12:57,COMPLETED
205,66,19,6,2024-02-16 14:20:06,COMPLETED
206,192,28,3,2024-02-20 04:05:52,COMPLETED
207,181,15,9,2024-08-04 23:40:51,COMPLETED
208,91,5,7,2024-11-30 16:13:33,COMPLETED
209,112,2,8,2024-12-23 17:51:22,COMPLETED
210,81,37,7,2024-08-10 16:28:20,COMPLETED
211,164,27,5,2024-02-14 17:29:37,COMPLETED
212,84,11,10,2024-06-27 16:24:50,COMPLETED
213,93,6,7,2024-11-23 23:09:53,COMPLETED
214,112,38,7,2024-07-22 11:41:05,COMPLETED
215,80,22,4,2024-05-09 08:25:28,COMPLETED
216,20,33,2,2024-07-25 01:35:43,COMPLETED
217,199,23,6,2024-10-09 11:39:52,CANCELLED
218,166,10,4,2024-02-09 22:12:27,COMPLETED
219,51,12,10,2024-02-29 08:50:58,COMPLETED
220,168,5,3,2024-10-27 03:27:58,COMPLETED
221,119,37,10,2024-06-23 08:06:00,COMPLETED
222,145,40,6,2024-12-01 15:21:52,CANCELLED
223,81,10,8,2024-01-27 12:28:26,COMPLETED
224,162,20,5,2024-08-17 16:25:54,COMPLETED
225,130,5,5,2024-06-28 07:45:06,COMPLETED
226,15,24,5,2024-01-30 19:11:05,COMPLETED
227,24,40,10,2024-07-15 22:12:52,COMPLETED
228,149,36,1,2024-06-23 15:49:18,CANCELLED
229,147,13,6,2024-08-22 23:03:47,COMPLETED
230,39,4,8,2024-02-10 04:42:26,COMPLETED
231,88,6,9,2024-09-07 22:20:27,COMPLETED
232,64,29,8,2024-07-22 12:40:22,COMPLETED
233,41,24,6,2024-12-22 11:47:27,COMPLETED
234,105,22,10,2024-01-21 08:04:55,COMPLETED
235,166,22,2,2024-05-08 00:56:26,COMPLETED
236,174,25,5,2024-04-07 20:46:15,COMPLETED
237,169,39,3,2024-05-09 11:09:33,COMPLETED
238,170,10,6,2024-04-30 11:34:09,CANCELLED
239,179,26,3,2024-08-19 02:11:10,COMPLETED
240,22,20,9,2024-05-26 06:54:20,COMPLETED
241,85,9,9,2024-02-06 07:02:41,COMPLETED
241,85,9,9,2024-02-06 07:02:41,COMPLETED
242,109,33,6,2024-01-08 01:55:15,COMPLETED
243,47,14,6,2024-10-24 13:05:36,COMPLETED
243,47,14,6,2024-10-24 13:05:36,COMPLETED
244,58,9,3,2024-01-30 23:13:50,COMPLETED
245,26,33,9,2024-11-20 07:52:51,COMPLETED
246,135,3,6,2024-12-06 08:34:21,COMPLETED
247,34,39,7,2024-02-29 21:44:23,COMPLETED
248,178,40,3,2024-10-07 01:54:45,COMPLETED
249,106,24,4,2024-06-21 12:13:55,COMPLETED
250,193,29,4,2024-07-26 09:20:40,COMPLETED
251,121,13,6,2024-09-20 10:16:40,CANCELLED
252,113,30,5,2024-10-29 04:38:30,COMPLETED
253,136,27,3,2024-11-13 05:58:41,COMPLETED
254,155,9,5,2024-01-21 06:21:03,COMPLETED
255,96,36,2,2024-10-03 06:44:15,COMPLETED
256,32,19,2,2024-10-23 08:45:51,COMPLETED
257,116,33,3,2024-11-18 17:55:00,COMPLETED
258,57,29,6,2024-12-27 08:37:37,COMPLETED
259,14,26,9,2024-05-25 05:34:25,COMPLETED
260,21,24,4,2024-01-11 22:43:37,COMPLETED
261,26,22,3,2024-02-23 10:31:16,COMPLETED
262,121,9,8,2024-06-23 05:16:07,COMPLETED
263,21,2,5,2024-03-24 18:02:52,COMPLETED
264,141,39,9,2024-06-13 09:01:13,COMPLETED
265,74,16,5,2024-02-17 07:42:32,COMPLETED
266,108,40,8,2024-01-25 09:24:18,COMPLETED
267,128,39,9,2024-01-07 09:11:18,COMPLETED
268,148,16,3,2024-04-23 02:51:06,COMPLETED
269,158,23,4,2024-08-09 14:58:16,COMPLETED
270,171,6,9,2024-05-20 01:04:14,COMPLETED
271,135,35,9,2024-11-01 09:53:39,CANCELLED
272,142,2,7,2024-12-05 04:02:20,COMPLETED
273,163,25,6,2024-04-08 12:11:30,COMPLETED
274,92,5,6,2024-04-03 15:27:23,COMPLETED
275,161,7,10,2024-10-12 12:26:21,COMPLETED
276,35,3,6,2024-07-31 01:13:01,COMPLETED
277,165,12,8,2024-09-27 01:29:51,COMPLETED
278,47,9,2,2024-10-05 02:01:25,COMPLETED
279,118,3,5,2024-03-19 06:57:51,COMPLETED
280,52,3,6,2024-12-28 11:38:53,COMPLETED
281,102,35,8,2024-04-08 09:03:19,COMPLETED
282,166,13,5,2024-05-18 15:14:25,COMPLETED
283,13,22,5,2024-02-18 08:11:28,COMPLETED
284,112,26,8,2024-12-13 10:37:32,CANCELLED
285,87,12,8,2024-09-25 18:32:45,COMPLETED
286,133,18,2,2024-10-09 08:53:20,COMPLETED
287,111,39,3,2024-07-30 20:11:23,COMPLETED
288,27,6,6,2024-09-13 16:12:49,COMPLETED
289,115,39,7,2024-03-05 17:14:30,COMPLETED
290,90,29,1,2024-10-09 06:24:04,COMPLETED
291,91,40,7,2024-04-16 15:02:29,COMPLETED
292,15,5,7,2024-05-21 02:18:18,COMPLETED
293,192,11,1,2024-02-25 10:48:03,COMPLETED
294,174,29,1,2024-02-19 00:32:56,COMPLETED
295,200,24,6,2024-05-28 16:27:41,CANCELLED
296,9,39,3,2024-09-20 17:19:01,COMPLETED
297,95,24,8,2024-10-23 08:27:46,COMPLETED
298,36,34,6,2024-06-03 13:56:46,COMPLETED
299,72,16,2,2024-01-11 01:31:47,COMPLETED
300,128,34,7,2024-12-20 18:49:59,COMPLETED
301,68,17,8,2024-03-24 07:56:28,CANCELLED
302,74,32,4,2024-02-17 15:03:49,COMPLETED
303,19,29,3,2024-12-15 00:17:44,COMPLETED
304,23,21,6,2024-10-02 13:23:48,COMPLETED
305,139,19,5,2024-11-26 15:16:10,COMPLETED
306,182,12,6,2024-07-16 13:56:50,COMPLETED
307,52,9,4,2024-11-02 22:48:39,COMPLETED
308,93,36,10,2024-05-23 06:30:04,COMPLETED
309,142,9,10,2024-12-09 09:46:27,COMPLETED
310,80,26,8,2024-07-23 03:50:19,COMPLETED
311,105,37,2,2024-02-18 16:07:48,CANCELLED
312,165,5,8,2024-06-29 21:52:48,COMPLETED
313,89,9,9,2024-09-05 11:18:41,COMPLETED
314,197,9,7,2024-07-14 07:01:48,CANCELLED
315,15,8,9,2024-02-29 10:12:27,COMPLETED
316,42,21,4,2024-05-14 09:10:07,CANCELLED
317,133,19,2,2024-04-07 07:48:38,COMPLETED
318,142,18,3,2024-08-30 17:37:50,COMPLETED
319,137,6,9,2024-09-05 22:26:09,COMPLETED
320,149,10,3,2024-09-12 19:50:07,COMPLETED
321,155,22,10,2024-01-16 23:57:31,COMPLETED
322,8,6,1,2024-09-06 02:46:55,COMPLETED
323,68,14,10,2024-06-10 18:52:12,COMPLETED
324,8,32,9,2024-04-22 11:56:07,COMPLETED
325,78,31,4,2024-11-08 12:14:13,COMPLETED
326,104,20,8,2024-01-29 08:09:28,COMPLETED
327,41,29,7,2024-07-07 01:32:51,COMPLETED
328,88,39,3,2024-05-01 09:28:48,COMPLETED
329,82,23,7,2024-02-20 18:49:43,COMPLETED
330,132,36,2,2024-05-03 22:22:32,COMPLETED
331,32,18,8,2024-04-06 06:46:17,COMPLETED
332,13,19,7,2024-12-01 14:35:27,COMPLETED
333,64,11,6,2024-12-28 15:11:42,COMPLETED
334,81,13,3,2024-07-12 12:10:17,CANCELLED
335,120,32,5,2024-07-12 03:49:37,COMPLETED
336,101,33,8,2024-04-03 11:45:12,COMPLETED
337,91,4,1,2024-04-19 06:25:52,COMPLETED
338,168,31,5,2024-07-27 10:19:13,COMPLETED
339,28,28,3,2024-12-08 17:05:00,COMPLETED
340,94,26,6,2024-01-18 13:41:22,COMPLETED
341,146,36,4,2024-05-20 18:57:59,COMPLETED
342,19,25,9,2024-06-23 21:36:25,COMPLETED
343,72,40,10,2024-02-16 03:23:56,COMPLETED
344,25,26,6,2024-11-04 16:58:44,CANCELLED
345,143,24,3,2024-03-18 07:21:14,COMPLETED
346,103,33,1,2024-01-18 14:15:28,COMPLETED
347,183,22,8,2024-07-20 16:31:54,COMPLETED
348,156,33,3,2024-05-07 08:51:47,CANCELLED
349,82,11,7,2024-08-27 10:12:03,COMPLETED
350,77,38,6,2024-07-16 00:31:06,COMPLETED
351,137,32,10,2024-04-26 10:15:02,COMPLETED
352,5,24,6,2024-09-18 16:19:50,COMPLETED
353,107,38,5,2024-11-05 10:17:35,COMPLETED
354,177,2,10,2024-07-03 07:30:05,COMPLETED
355,168,38,10,2024-03-29 08:51:23,COMPLETED
356,150,31,3,2024-07-22 14:11:58,COMPLETED
357,159,25,3,2024-11-15 02:26:17,COMPLETED
358,9,37,2,2024-03-15 02:14:19,COMPLETED
359,81,27,3,2024-06-09 09:04:01,COMPLETED
360,106,33,10,2024-12-23 11:52:37,COMPLETED
361,189,4,3,2024-07-20 10:28:40,COMPLETED
362,84,31,9,2024-05-26 08:15:41,COMPLETED
363,45,30,9,2024-05-12 22:43:08,COMPLETED
364,174,17,10,2024-07-07 00:53:08,COMPLETED
365,64,18,9,2024-04-25 22:12:49,COMPLETED
366,77,19,4,2024-09-25 01:30:08,COMPLETED
367,82,31,6,2024-08-05 16:07:22,CANCELLED
368,185,18,5,2024-02-17 07:56:56,COMPLETED
369,140,25,7,2024-11-13 19:49:50,COMPLETED
370,198,10,5,2024-01-17 08:05:17,COMPLETED
371,183,6,6,2024-12-24 20:23:38,COMPLETED
372,66,31,4,2024-03-19 11:24:37,COMPLETED
373,70,36,5,2024-02-23 07:28:36,COMPLETED
374,190,38,4,2024-04-04 03:52:21,COMPLETED
375,136,15,4,2024-01-21 09:15:09,COMPLETED
376,85,31,2,2024-09-21 13:10:10,COMPLETED
377,2,36,3,2024-06-07 00:39:08,COMPLETED
377,2,36,3,2024-06-07 00:39:08,COMPLETED
378,122,31,4,2024-10-20 13:36:06,CANCELLED
379,83,19,1,2024-12-18 14:35:08,COMPLETED
380,167,37,4,2024-07-26 19:58:50,COMPLETED
381,10,12,7,2024-12-08 15:07:08,COMPLETED
382,10,26,8,2024-03-13 08:33:00,CANCELLED
383,75,3,1,2024-04-25 21:13:01,COMPLETED
384,28,22,5,2024-06-25 10:50:25,CANCELLED
385,140,34,8,2024-12-11 08:30:12,CANCELLED
386,130,30,5,2024-03-15 21:07:56,COMPLETED
387,85,11,8,2024-09-08 18:27:26,COMPLETED
388,48,1,6,2024-11-03 02:29:19,COMPLETED
389,173,13,3,2024-08-25 06:30:31,COMPLETED
390,104,28,9,2024-05-07 08:29:52,COMPLETED
391,172,7,3,2024-02-24 14:35:51,COMPLETED
392,64,1,5,2024-05-28 23:10:20,COMPLETED
393,193,18,6,2024-04-27 06:20:21,COMPLETED
394,147,1,5,2024-09-10 20:46:14,COMPLETED
395,61,4,2,2024-06-29 17:47:44,COMPLETED
396,104,33,5,2024-09-25 01:58:21,COMPLETED
397,76,24,10,2024-03-26 18:27:50,COMPLETED
398,35,31,3,2024-06-25 16:42:30,COMPLETED
399,156,24,7,2024-09-29 14:33:42,COMPLETED
400,121,35,4,2024-10-22 21:02:46,COMPLETED
401,194,39,2,2024-07-23 02:04:37,COMPLETED
402,181,24,2,2024-12-22 05:20:25,COMPLETED
403,16,36,9,2024-03-19 12:14:15,COMPLETED
404,39,11,6,2024-11-27 20:23:12,COMPLETED
405,30,14,10,2024-07-08 20:12:24,COMPLETED
406,131,29,1,2024-06-25 02:17:43,COMPLETED
407,107,30,10,2024-01-23 10:08:44,COMPLETED
408,173,20,1,2024-06-02 18:30:34,COMPLETED
409,1,14,10,2024-01-29 08:41:04,COMPLETED
410,89,5,9,2024-01-24 09:37:23,CANCELLED
411,18,31,1,2024-04-21 11:52:45,COMPLETED
412,197,9,7,2024-05-25 10:13:43,CANCELLED
413,98,29,7,2024-05-25 21:16:12,COMPLETED
414,170,35,3,2024-09-10 19:22:45,COMPLETED
415,31,12,9,2024-06-01 15:34:19,COMPLETED
416,187,15,1,2024-10-20 16:06:10,COMPLETED
417,77,30,9,2024-06-13 17:09:35,COMPLETED
418,59,16,8,2024-05-14 10:26:33,COMPLETED
419,49,8,1,2024-11-10 08:53:00,COMPLETED
420,158,2,4,2024-03-21 00:49:11,COMPLETED
421,153,3,8,2024-08-20 03:45:32,COMPLETED
422,13,16,1,2024-06-05 05:23:05,COMPLETED
423,139,14,1,2024-02-24 10:09:29,COMPLETED
424,75,15,10,2024-05-03 20:23:52,COMPLETED
425,198,21,4,2024-04-27 04:38:54,COMPLETED
426,170,34,4,2024-06-09 14:39:37,COMPLETED
427,16,36,10,2024-12-07 15:31:39,COMPLETED
428,45,28,9,2024-07-11 11:31:14,COMPLETED
429,89,25,9,2024-05-03 18:49:13,COMPLETED
430,105,10,5,2024-05-26 04:51:47,COMPLETED
431,138,31,4,2024-11-25 20:25:52,COMPLETED
432,182,10,8,2024-12-21 06:00:20,COMPLETED
433,106,27,9,2024-07-24 19:52:54,COMPLETED
434,63,17,4,2024-05-08 06:16:27,COMPLETED
435,116,24,2,2024-07-27 00:29:06,COMPLETED
436,49,4,5,2024-05-26 11:27:37,COMPLETED
437,155,3,2,2024-03-14 01:48:32,COMPLETED
438,151,36,4,2024-07-05 04:16:40,COMPLETED
439,86,20,1,2024-03-23 06:11:29,CANCELLED
440,190,8,8,2024-12-21 03:12:38,COMPLETED
441,155,14,7,2024-12-21 09:35:48,COMPLETED
441,155,14,7,2024-12-21 09:35:48,COMPLETED
442,83,19,7,2024-06-30 01:46:09,COMPLETED
443,92,20,5,2024-05-19 16:07:50,COMPLETED
444,128,30,2,2024-11-07 18:47:35,CANCELLED
445,121,21,4,2024-05-23 23:13:13,COMPLETED
446,12,37,4,2024-10-14 20:58:22,COMPLETED
447,67,36,10,2024-08-12 22:00:11,COMPLETED
448,76,10,4,2024-05-08 02:34:02,COMPLETED
449,146,16,8,2024-08-01 20:21:37,COMPLETED
450,176,22,5,2024-10-23 11:02:12,COMPLETED
451,186,32,8,2024-03-06 08:03:04,COMPLETED
452,91,11,3,2024-10-06 17:48:31,COMPLETED
453,48,35,1,2024-07-22 11:30:57,COMPLETED
454,20,4,1,2024-06-09 03:46:26,COMPLETED
454,20,4,1,2024-06-09 03:46:26,COMPLETED
455,162,15,2,2024-10-01 15:17:53,COMPLETED
456,56,33,8,2024-05-24 22:28:57,COMPLETED
457,164,40,8,2024-09-13 00:58:31,COMPLETED
458,2,35,9,2024-06-08 17:57:10,COMPLETED
459,136,18,9,2024-04-21 08:07:51,COMPLETED
460,179,28,3,2024-02-11 13:27:55,CANCELLED
461,135,10,4,2024-03-15 12:56:11,COMPLETED
462,65,23,5,2024-11-04 17:20:37,COMPLETED
463,96,26,8,2024-08-07 10:12:07,COMPLETED
464,179,15,5,2024-09-22 15:43:48,COMPLETED
465,21,3,2,2024-06-06 09:28:03,COMPLETED
466,142,31,1,2024-09-04 06:55:20,COMPLETED
467,44,6,8,2024-11-24 07:02:41,COMPLETED
468,85,37,2,2024-12-13 12:03:30,COMPLETED
469,11,15,4,2024-12-16 00:28:22,COMPLETED
470,146,31,5,2024-01-19 01:59:20,CANCELLED
471,176,18,9,2024-08-06 20:17:33,COMPLETED
472,46,21,1,2024-03-21 10:51:12,COMPLETED
473,193,26,2,2024-04-26 05:27:46,COMPLETED
474,62,37,7,2024-09-19 22:25:23,COMPLETED
475,85,25,3,2024-11-02 23:58:34,CANCELLED
476,186,6,9,2024-10-16 12:09:31,CANCELLED
477,14,7,7,2024-03-31 03:44:20,COMPLETED
478,88,39,10,2024-08-19 07:28:30,COMPLETED
479,199,21,1,2024-09-03 06:27:15,COMPLETED
480,116,32,4,2024-05-18 04:24:02,COMPLETED
481,97,28,3,2024-09-20 23:12:54,COMPLETED
482,98,6,10,2024-04-24 17:08:10,COMPLETED
483,183,5,2,2024-04-14 01:40:49,COMPLETED
484,183,10,7,2024-05-02 23:39:18,COMPLETED
485,24,1,5,2024-06-21 17:14:19,COMPLETED
486,70,7,3,2024-02-03 21:40:09,COMPLETED
487,115,36,9,2024-07-18 00:17:41,COMPLETED
488,7,6,6,2024-08-03 05:42:10,COMPLETED
489,154,21,7,2024-01-05 19:01:22,COMPLETED
490,100,6,9,2024-12-17 13:08:45,CANCELLED
491,63,37,9,2024-03-06 20:37:38,COMPLETED
492,44,9,5,2024-04-26 22:44:48,COMPLETED
493,38,5,3,2024-06-17 19:28:35,COMPLETED
494,77,31,2,2024-05-20 05:55:41,COMPLETED
495,64,32,10,2024-08-27 11:46:11,COMPLETED
496,28,9,5,2024-01-03 15:04:35,CANCELLED
497,86,40,7,2024-11-08 06:32:08,COMPLETED
498,113,22,7,2024-11-12 16:46:56,COMPLETED
499,167,39,3,2024-04-26 16:15:35,COMPLETED
499,167,39,3,2024-04-26 16:15:35,COMPLETED
500,178,13,8,2024-05-02 00:24:01,COMPLETED
501,102,21,5,2024-10-12 09:31:31,COMPLETED
502,126,37,4,2024-05-06 13:28:47,COMPLETED
503,101,24,2,2024-12-27 23:29:43,COMPLETED
504,152,35,3,2024-09-21 18:01:20,COMPLETED
505,7,30,4,2024-06-19 06:41:46,COMPLETED
506,178,5,7,2024-09-18 08:36:22,COMPLETED
507,163,20,4,2024-04-08 03:09:50,COMPLETED
508,184,28,7,2024-01-29 17:24:18,COMPLETED
509,154,31,10,2024-06-04 15:46:27,COMPLETED
510,178,27,9,2024-01-15 06:40:34,COMPLETED
511,93,35,10,2024-09-04 20:16:19,CANCELLED
512,28,16,6,2024-03-05 14:23:13,COMPLETED
513,12,37,7,2024-10-19 07:30:43,COMPLETED
514,111,7,1,2024-02-08 07:04:47,COMPLETED
515,131,34,9,2024-08-13 10:49:21,COMPLETED
516,57,29,6,2024-05-31 21:38:04,COMPLETED
517,174,38,9,2024-02-28 13:02:40,COMPLETED
518,7,31,2,2024-04-24 17:37:40,COMPLETED
519,22,8,3,2024-05-15 06:39:30,COMPLETED
520,117,14,9,2024-07-06 13:11:47,COMPLETED
521,25,29,8,2024-05-03 20:27:06,COMPLETED
522,12,8,1,2024-11-25 18:55:52,COMPLETED
523,28,11,4,2024-07-19 09:24:42,COMPLETED
524,41,22,9,2024-06-14 14:03:02,CANCELLED
525,60,26,3,2024-03-13 09:15:07,COMPLETED
526,111,26,1,2024-10-13 08:57:27,COMPLETED
527,51,29,10,2024-06-15 19:43:21,COMPLETED
528,181,14,4,2024-04-18 02:21:42,COMPLETED
529,17,37,2,2024-11-06 11:54:07,COMPLETED
530,48,24,6,2024-03-17 12:51:55,COMPLETED
531,68,32,9,2024-09-05 04:55:25,COMPLETED
532,100,40,7,2024-08-15 23:16:49,COMPLETED
533,91,30,10,2024-03-08 00:04:22,COMPLETED
534,181,20,10,2024-08-17 04:46:04,COMPLETED
535,35,21,2,2024-04-02 15:39:32,COMPLETED
536,47,24,3,2024-07-17 09:13:58,COMPLETED
537,153,9,10,2024-05-29 00:26:09,COMPLETED
538,125,35,3,2024-08-03 12:09:36,COMPLETED
539,74,9,3,2024-05-02 04:05:53,COMPLETED
540,159,4,6,2024-01-04 17:19:26,COMPLETED
541,50,25,9,2024-07-15 07:01:25,COMPLETED
542,105,32,7,2024-10-02 19:00:23,COMPLETED
543,126,11,2,2024-08-07 13:53:22,COMPLETED
544,195,15,5,2024-01-13 16:44:25,COMPLETED
545,138,19,3,2024-10-30 05:01:33,COMPLETED
546,191,32,9,2024-07-17 09:03:24,COMPLETED
547,30,18,9,2024-11-15 17:33:06,CANCELLED
548,139,3,8,2024-07-31 04:22:53,COMPLETED
549,109,7,4,2024-04-25 14:50:54,COMPLETED
550,9,29,5,2024-05-15 08:58:22,COMPLETED
551,23,29,2,2024-10-28 05:24:39,COMPLETED
552,54,38,6,2024-11-30 09:33:19,COMPLETED
553,162,28,3,2024-08-27 06:56:43,COMPLETED
554,53,14,1,2024-08-09 09:28:40,COMPLETED
555,72,39,9,2024-03-06 09:23:26,COMPLETED
556,181,19,5,2024-08-10 10:16:57,COMPLETED
557,132,7,3,2024-10-18 07:23:02,COMPLETED
558,16,18,3,2024-09-29 09:46:08,COMPLETED
559,64,10,6,2024-11-17 18:00:36,COMPLETED
560,174,26,8,2024-02-25 05:08:08,COMPLETED
561,69,27,7,2024-06-24 12:52:05,COMPLETED
562,197,6,7,2024-07-19 05:51:57,COMPLETED
563,178,24,8,2024-07-08 12:54:15,COMPLETED
563,178,24,8,2024-07-08 12:54:15,COMPLETED
564,1,6,8,2024-09-03 13:08:33,COMPLETED
565,92,5,9,2024-06-03 10:58:50,COMPLETED
566,110,14,8,2024-04-14 06:56:41,COMPLETED
567,73,22,9,2024-08-12 10:43:55,COMPLETED
568,125,22,1,2024-01-18 20:13:08,COMPLETED
569,118,2,2,2024-12-26 22:56:32,COMPLETED
570,113,30,1,2024-06-15 03:22:42,COMPLETED
571,177,9,5,2024-03-02 17:46:38,COMPLETED
572,71,6,6,2024-04-07 05:47:50,COMPLETED
573,171,11,1,2024-06-02 22:10:16,COMPLETED
574,186,15,7,2024-09-11 13:33:54,COMPLETED
575,25,1,4,2024-07-04 04:09:38,COMPLETED
576,152,15,9,2024-09-21 01:53:54,COMPLETED
577,3,22,2,2024-11-30 02:57:09,COMPLETED
578,34,31,2,2024-03-29 21:56:22,COMPLETED
579,188,7,2,2024-05-01 16:38:50,COMPLETED
580,77,9,7,2024-10-27 09:10:27,COMPLETED
581,35,10,2,2024-07-25 00:41:43,COMPLETED
582,157,11,8,2024-05-16 09:18:24,COMPLETED
583,161,10,7,2024-08-27 06:14:40,COMPLETED
584,56,6,2,2024-02-24 09:01:01,COMPLETED
585,151,25,6,2024-06-15 18:11:35,COMPLETED
586,36,16,5,2024-09-07 08:17:57,COMPLETED
587,142,39,10,2024-10-07 01:52:53,COMPLETED
588,200,2,5,2024-03-20 18:53:34,COMPLETED
589,131,13,7,2024-04-24 18:39:05,COMPLETED
590,62,32,7,2024-02-13 18:50:49,COMPLETED
591,164,39,2,2024-07-24 03:59:13,COMPLETED
592,4,24,6,2024-02-21 06:10:10,COMPLETED
593,146,27,6,2024-07-31 04:24:32,COMPLETED
594,196,31,2,2024-01-07 11:33:23,COMPLETED
595,4,17,4,2024-01-16 11:12:47,CANCELLED
596,102,33,5,2024-09-01 02:42:12,COMPLETED
597,197,27,7,2024-09-29 13:20:57,COMPLETED
598,164,35,9,2024-08-27 05:58:29,COMPLETED
599,22,20,2,2024-07-17 13:42:18,CANCELLED
600,40,35,6,2024-05-31 17:52:53,COMPLETED
601,196,5,5,2024-09-28 08:07:52,COMPLETED
602,62,4,4,2024-02-03 11:33:41,CANCELLED
603,30,30,10,2024-08-24 10:43:45,COMPLETED
604,171,12,2,2024-01-05 22:02:45,COMPLETED
605,180,1,3,2024-07-11 18:54:13,CANCELLED
606,134,34,5,2024-03-05 20:12:27,COMPLETED
607,192,18,2,2024-10-26 14:15:05,COMPLETED
608,86,28,5,2024-07-22 10:40:30,COMPLETED
609,183,37,2,2024-07-11 16:25:49,COMPLETED
610,93,4,8,2024-11-29 17:48:49,COMPLETED
611,95,11,5,2024-10-27 07:56:53,COMPLETED
612,147,8,4,2024-10-14 16:34:10,COMPLETED
613,12,1,4,2024-01-18 20:34:44,COMPLETED
614,99,10,3,2024-12-27 15:02:27,CANCELLED
615,10,36,7,2024-03-28 04:38:03,COMPLETED
616,107,21,5,2024-11-16 18:51:00,COMPLETED
617,96,8,9,2024-09-18 11:51:01,CANCELLED
618,46,15,9,2024-01-18 20:05:07,CANCELLED
619,18,30,5,2024-10-27 09:47:55,COMPLETED
620,84,6,9,2024-06-26 09:10:58,COMPLETED
621,52,19,10,2024-10-31 16:08:14,COMPLETED
622,160,16,8,2024-05-23 00:33:32,COMPLETED
623,127,13,9,2024-10-22 08:12:28,COMPLETED
624,39,1,7,2024-01-10 06:51:35,COMPLETED
625,89,1,6,2024-01-01 13:37:37,COMPLETED
626,97,20,2,2024-03-20 16:33:00,COMPLETED
627,61,27,8,2024-01-24 06:15:45,CANCELLED
628,37,18,2,2024-01-18 01:10:48,CANCELLED
629,134,27,6,2024-06-27 01:08:18,CANCELLED
630,22,38,2,2024-07-15 06:55:41,COMPLETED
631,101,5,10,2024-08-08 12:28:22,COMPLETED
632,170,9,4,2024-04-23 06:37:03,COMPLETED
633,81,26,6,2024-05-03 12:30:46,COMPLETED
634,60,5,4,2024-02-22 20:39:15,COMPLETED
635,150,7,3,2024-02-11 00:48:05,COMPLETED
636,120,21,7,2024-02-16 21:20:52,COMPLETED
637,198,14,8,2024-04-29 17:38:10,COMPLETED
638,31,6,3,2024-11-09 15:20:55,COMPLETED
639,181,39,1,2024-03-24 12:08:20,COMPLETED
640,84,10,2,2024-10-03 04:28:02,COMPLETED
641,92,26,9,2024-01-20 00:15:10,COMPLETED
642,67,12,1,2024-06-06 01:12:31,COMPLETED
643,143,36,4,2024-02-06 18:54:12,COMPLETED
644,36,8,1,2024-01-24 22:47:54,COMPLETED
645,57,9,4,2024-11-15 21:11:33,COMPLETED
646,176,6,10,2024-08-15 15:01:21,COMPLETED
647,20,2,2,2024-03-17 19:10:00,CANCELLED
648,114,9,2,2024-12-17 11:56:17,COMPLETED
649,85,8,1,2024-06-28 00:47:02,COMPLETED
650,147,28,7,2024-07-11 16:13:59,COMPLETED
651,175,28,3,2024-05-17 10:59:24,COMPLETED
652,48,18,5,2024-06-22 05:07:40,COMPLETED
653,9,40,10,2024-08-27 14:38:38,COMPLETED
654,76,32,7,2024-12-08 20:05:33,COMPLETED
655,16,6,5,2024-05-28 17:57:40,COMPLETED
656,52,34,4,2024-09-01 23:03:25,CANCELLED
657,140,2,7,2024-10-30 15:58:59,COMPLETED
658,123,35,8,2024-05-13 14:37:49,CANCELLED
659,129,21,7,2024-04-15 00:38:35,COMPLETED
660,82,39,4,2024-01-12 09:07:40,COMPLETED
661,200,18,1,2024-11-10 01:12:01,CANCELLED
662,136,23,10,2024-03-31 09:30:00,CANCELLED
663,26,16,4,2024-04-13 12:12:42,COMPLETED
664,189,4,4,2024-08-11 13:50:21,COMPLETED
665,100,23,3,2024-03-09 09:22:27,COMPLETED
666,82,23,10,2024-01-11 22:54:15,COMPLETED
667,91,37,10,2024-02-25 04:29:21,COMPLETED
668,49,32,9,2024-04-30 00:35:00,COMPLETED
669,10,6,1,2024-03-31 08:12:24,COMPLETED
670,6,34,8,2024-01-01 06:22:14,COMPLETED
671,158,13,3,2024-05-12 08:06:16,COMPLETED
672,83,4,1,2024-02-27 08:46:32,COMPLETED
673,37,8,9,2024-11-30 06:01:15,COMPLETED
674,19,24,7,2024-08-15 14:04:16,COMPLETED
675,78,21,3,2024-03-02 04:02:33,COMPLETED
676,112,32,6,2024-03-08 15:41:11,COMPLETED
677,144,40,6,2024-03-27 16:43:17,COMPLETED
678,45,25,5,2024-10-12 01:19:44,COMPLETED
679,33,12,1,2024-09-29 15:11:34,CANCELLED
680,101,37,1,2024-03-11 17:07:29,COMPLETED
681,157,15,10,2024-02-10 10:22:39,CANCELLED
682,37,22,2,2024-04-02 10:16:58,COMPLETED
683,82,11,2,2024-11-15 02:26:35,COMPLETED
684,164,22,8,2024-01-05 10:12:53,COMPLETED
685,64,5,6,2024-04-09 16:13:31,COMPLETED
686,185,1,1,2024-05-29 21:11:40,COMPLETED
687,108,11,7,2024-07-10 11:51:26,COMPLETED
688,90,35,7,2024-02-09 09:22:57,COMPLETED
689,148,15,3,2024-06-24 06:18:13,COMPLETED
690,9,19,1,2024-05-03 18:39:24,COMPLETED
691,27,5,6,2024-03-07 01:29:43,COMPLETED
692,42,5,9,2024-12-14 19:07:26,CANCELLED
693,87,39,10,2024-12-12 21:28:16,COMPLETED
694,8,28,3,2024-08-23 20:36:37,COMPLETED
695,41,4,2,2024-05-08 14:01:30,COMPLETED
696,49,27,9,2024-10-07 09:52:58,CANCELLED
697,139,17,5,2024-04-25 11:58:29,COMPLETED
698,13,26,10,2024-08-01 11:13:37,COMPLETED
699,40,4,6,2024-01-02 11:33:49,COMPLETED
699,40,4,6,2024-01-02 11:33:49,COMPLETED
700,76,39,8,2024-03-18 13:06:14,COMPLETED
701,53,11,5,2024-02-01 19:41:59,COMPLETED
702,30,20,7,2024-07-01 21:31:13,COMPLETED
703,170,17,2,2024-09-06 06:37:41,COMPLETED
704,48,24,7,2024-05-23 11:04:23,COMPLETED
705,12,17,8,2024-06-29 14:39:15,COMPLETED
706,69,37,1,2024-02-28 16:38:23,COMPLETED
707,171,7,2,2024-09-16 11:31:37,COMPLETED
708,139,27,10,2024-03-29 08:34:21,COMPLETED
709,100,34,7,2024-07-26 23:21:21,COMPLETED
710,122,37,4,2024-07-03 23:05:10,COMPLETED
710,122,37,4,2024-07-03 23:05:10,COMPLETED
711,102,3,9,2024-08-09 20:09:20,CANCELLED
712,147,40,3,2024-02-16 17:06:29,CANCELLED
713,115,12,3,2024-03-23 06:57:33,COMPLETED
714,33,3,7,2024-01-31 10:26:51,CANCELLED
715,112,13,3,2024-11-19 22:27:04,COMPLETED
716,82,5,2,2024-05-30 17:20:46,COMPLETED
717,142,21,5,2024-07-20 19:50:41,COMPLETED
718,4,40,10,2024-07-21 22:37:51,COMPLETED
719,29,27,3,2024-02-27 13:19:18,COMPLETED
720,150,7,2,2024-08-06 12:35:33,COMPLETED
721,74,35,6,2024-12-06 22:33:39,COMPLETED
722,99,32,10,2024-08-24 11:56:19,COMPLETED
723,45,18,7,2024-02-25 20:48:14,COMPLETED
724,175,26,1,2024-06-02 17:03:20,COMPLETED
725,85,16,1,2024-10-16 14:53:31,COMPLETED
726,69,24,1,2024-05-11 05:08:24,COMPLETED
727,78,20,5,2024-11-23 07:53:57,COMPLETED
728,179,7,4,2024-02-22 04:33:49,COMPLETED
729,191,29,6,2024-04-14 15:10:34,COMPLETED
730,155,6,4,2024-06-20 13:05:49,COMPLETED
731,105,32,9,2024-12-02 18:47:13,COMPLETED
732,15,33,3,2024-01-26 11:35:40,COMPLETED
733,130,26,3,2024-10-30 02:56:25,COMPLETED
734,146,2,3,2024-03-15 20:41:07,COMPLETED
734,146,2,3,2024-03-15 20:41:07,COMPLETED
735,52,4,4,2024-01-13 20:14:40,COMPLETED
736,93,13,5,2024-05-23 01:17:19,COMPLETED
736,93,13,5,2024-05-23 01:17:19,COMPLETED
737,130,26,2,2024-09-21 13:00:18,COMPLETED
738,96,32,10,2024-06-22 05:59:07,COMPLETED
739,122,38,9,2024-05-15 19:59:54,COMPLETED
740,67,6,5,2024-01-11 15:51:25,COMPLETED
741,42,37,4,2024-11-28 20:51:19,COMPLETED
742,58,14,5,2024-09-10 01:14:02,COMPLETED
743,6,1,8,2024-12-19 23:56:22,COMPLETED
744,45,39,1,2024-03-27 21:41:16,COMPLETED
745,79,18,7,2024-12-13 18:30:22,COMPLETED
746,90,30,5,2024-03-25 17:51:20,COMPLETED
747,174,34,10,2024-06-03 05:43:47,COMPLETED
748,2,33,6,2024-08-06 01:09:34,COMPLETED
749,156,19,5,2024-09-22 19:11:34,COMPLETED
750,17,22,5,2024-09-05 18:46:32,COMPLETED
751,71,17,5,2024-03-14 03:38:35,COMPLETED
752,196,16,1,2024-11-08 19:09:00,COMPLETED
753,154,26,6,2024-09-21 09:06:12,COMPLETED
754,7,32,5,2024-04-10 18:01:41,CANCELLED
755,104,25,1,2024-08-14 10:10:29,COMPLETED
756,147,13,6,2024-10-09 03:56:08,COMPLETED
757,176,35,8,2024-12-18 01:26:21,CANCELLED
758,92,33,5,2024-11-24 07:52:42,COMPLETED
759,169,36,3,2024-04-24 02:15:57,COMPLETED
760,33,17,9,2024-10-23 06:54:47,CANCELLED
761,175,22,2,2024-03-27 07:33:10,COMPLETED
762,191,20,7,2024-11-02 01:32:06,COMPLETED
763,96,17,10,2024-04-24 04:45:18,COMPLETED
764,31,31,1,2024-12-02 11:22:17,COMPLETED
765,149,40,2,2024-07-02 09:24:23,COMPLETED
766,129,8,7,2024-07-24 18:27:10,COMPLETED
767,14,10,3,2024-03-18 18:53:58,COMPLETED
768,146,30,3,2024-05-02 20:54:27,COMPLETED
769,47,6,8,2024-05-09 04:19:52,COMPLETED
770,46,21,1,2024-01-02 19:55:58,COMPLETED
771,54,11,10,2024-10-23 21:30:17,COMPLETED
772,196,6,3,2024-08-26 15:21:58,COMPLETED
773,110,26,7,2024-07-04 09:41:35,COMPLETED
774,10,35,4,2024-10-10 18:14:10,COMPLETED
775,4,21,9,2024-03-15 00:18:13,COMPLETED
776,2,16,4,2024-09-26 08:07:08,COMPLETED
777,80,9,2,2024-05-28 22:56:58,COMPLETED
778,79,11,2,2024-11-15 22:46:51,COMPLETED
779,75,30,9,2024-08-19 14:34:13,COMPLETED
780,112,9,6,2024-12-16 01:30:20,COMPLETED
781,193,13,3,2024-12-18 04:52:00,CANCELLED
782,104,2,4,2024-03-28 02:49:35,COMPLETED
783,34,14,1,2024-08-17 00:20:08,COMPLETED
784,32,24,1,2024-05-25 17:02:48,COMPLETED
785,66,35,10,2024-01-19 20:51:47,COMPLETED
786,13,7,1,2024-01-19 17:34:59,COMPLETED
787,107,29,7,2024-02-17 23:59:22,COMPLETED
788,122,10,4,2024-09-26 23:39:33,COMPLETED
789,3,20,7,2024-09-13 23:09:39,COMPLETED
790,134,18,10,2024-08-23 04:55:16,COMPLETED
791,108,7,9,2024-10-06 03:23:12,COMPLETED
792,73,8,2,2024-07-12 07:15:51,COMPLETED
793,52,17,9,2024-03-19 07:43:49,COMPLETED
794,105,19,3,2024-01-16 07:17:16,COMPLETED
795,54,31,6,2024-04-01 01:44:51,COMPLETED
796,172,6,2,2024-11-20 08:55:40,COMPLETED
797,127,10,2,2024-10-29 17:42:39,COMPLETED
798,186,7,5,2024-09-07 05:39:15,COMPLETED
799,76,17,8,2024-01-20 10:46:52,COMPLETED
800,45,3,5,2024-05-19 21:26:38,COMPLETED
801,81,28,2,2024-02-06 21:26:59,COMPLETED
802,12,1,3,2024-09-14 14:55:01,COMPLETED
803,85,23,8,2024-08-29 11:39:41,COMPLETED
804,188,6,6,2024-11-12 12:01:03,COMPLETED
805,30,26,7,2024-06-26 07:14:56,COMPLETED
806,99,31,7,2024-09-08 23:41:15,COMPLETED
807,43,8,3,2024-09-27 08:46:24,COMPLETED
808,41,7,7,2024-12-19 21:14:56,COMPLETED
809,146,29,3,2024-08-25 09:56:41,COMPLETED
810,92,40,1,2024-11-30 23:47:20,COMPLETED
811,187,9,8,2024-12-23 10:43:51,COMPLETED
812,106,29,1,2024-01-25 14:20:05,COMPLETED
813,81,1,9,2024-10-25 01:53:10,COMPLETED
814,186,37,4,2024-09-17 03:24:06,COMPLETED
815,133,34,10,2024-02-06 23:43:15,COMPLETED
816,187,16,8,2024-05-14 06:37:07,COMPLETED
817,165,25,3,2024-11-21 20:21:16,COMPLETED
818,157,4,1,2024-09-06 20:54:38,CANCELLED
819,130,31,8,2024-12-03 15:32:27,COMPLETED
820,193,32,6,2024-04-03 13:16:28,COMPLETED
821,72,4,9,2024-03-27 11:46:30,COMPLETED
822,97,26,4,2024-01-31 14:45:15,COMPLETED
823,147,29,2,2024-11-28 15:59:24,COMPLETED
824,81,8,8,2024-10-16 10:07:50,COMPLETED
825,27,26,7,2024-01-14 21:58:40,COMPLETED
826,1,6,10,2024-08-28 10:06:53,COMPLETED
827,131,36,4,2024-09-11 05:16:36,COMPLETED
828,88,24,1,2024-11-13 03:09:29,COMPLETED
829,117,22,9,2024-10-25 00:50:21,COMPLETED
830,122,24,8,2024-02-14 06:46:29,COMPLETED
831,169,15,1,2024-05-12 13:40:44,COMPLETED
832,163,19,9,2024-07-21 17:15:13,COMPLETED
833,28,3,3,2024-07-10 05:42:25,COMPLETED
834,184,27,2,2024-04-08 18:08:53,COMPLETED
835,49,8,7,2024-03-24 17:26:23,COMPLETED
836,49,22,2,2024-10-21 01:08:36,COMPLETED
837,163,38,2,2024-10-26 20:54:52,COMPLETED
838,118,38,9,2024-02-22 06:53:54,CANCELLED
839,2,34,1,2024-08-02 20:26:35,CANCELLED
840,150,31,9,2024-10-30 08:12:25,CANCELLED
841,46,38,3,2024-10-10 16:42:13,COMPLETED
842,27,25,10,2024-08-23 09:49:40,COMPLETED
843,130,25,7,2024-08-24 12:13:57,CANCELLED
844,196,16,5,2024-06-03 12:25:01,CANCELLED
845,76,29,3,2024-02-23 15:55:51,COMPLETED
846,180,33,5,2024-11-23 10:01:23,COMPLETED
847,81,36,4,2024-03-19 00:25:19,COMPLETED
848,183,19,6,2024-12-23 18:07:46,COMPLETED
849,182,12,9,2024-07-29 16:23:13,COMPLETED
850,83,8,6,2024-08-06 08:49:53,COMPLETED
851,147,27,9,2024-04-21 01:02:30,COMPLETED
852,109,1,9,2024-02-11 08:22:36,COMPLETED
853,38,4,1,2024-03-18 15:13:32,COMPLETED
854,42,19,5,2024-02-26 20:48:41,COMPLETED
855,177,19,4,2024-10-19 16:00:16,COMPLETED
856,92,29,2,2024-08-27 06:33:01,COMPLETED
857,190,36,4,2024-10-15 07:47:17,COMPLETED
858,100,16,9,2024-10-31 14:16:21,COMPLETED
859,179,19,1,2024-12-25 19:27:51,COMPLETED
860,107,21,9,2024-01-21 21:28:22,COMPLETED
861,65,13,10,2024-12-03 10:16:06,COMPLETED
862,114,15,6,2024-10-20 06:06:50,COMPLETED
863,190,39,4,2024-10-28 10:12:43,COMPLETED
864,50,19,8,2024-03-09 21:43:45,CANCELLED
865,20,12,3,2024-10-12 11:26:14,COMPLETED
866,97,3,7,2024-04-18 09:30:52,COMPLETED
867,34,11,10,2024-11-24 13:25:25,COMPLETED
868,85,30,3,2024-01-16 12:16:23,COMPLETED
869,83,39,1,2024-10-27 11:02:33,CANCELLED
870,158,20,8,2024-11-02 18:28:40,COMPLETED
871,92,5,6,2024-07-23 01:02:13,COMPLETED
872,48,34,2,2024-11-01 08:27:28,COMPLETED
873,107,35,9,2024-06-05 16:07:10,COMPLETED
874,57,14,6,2024-05-08 13:45:49,COMPLETED
875,56,40,9,2024-07-03 09:59:23,CANCELLED
876,193,1,2,2024-09-16 18:57:30,COMPLETED
877,62,40,10,2024-04-04 16:38:01,CANCELLED
878,175,21,7,2024-12-21 17:06:32,COMPLETED
879,30,25,5,2024-07-28 19:22:36,COMPLETED
880,7,34,6,2024-07-18 17:42:28,COMPLETED
881,115,32,1,2024-04-25 02:57:53,COMPLETED
882,50,21,9,2024-02-01 23:30:54,CANCELLED
883,43,35,9,2024-01-03 20:19:33,COMPLETED
884,54,14,7,2024-11-20 12:57:47,COMPLETED
885,138,28,2,2024-10-17 01:31:37,COMPLETED
886,7,30,6,2024-01-15 17:07:33,COMPLETED
887,14,12,5,2024-08-04 17:43:18,COMPLETED
888,59,17,7,2024-05-30 16:43:33,COMPLETED
889,104,28,6,2024-01-07 13:26:06,COMPLETED
890,31,35,1,2024-09-06 02:29:35,COMPLETED
891,17,38,1,2024-09-29 04:41:38,COMPLETED
892,92,33,2,2024-04-22 13:28:22,COMPLETED
893,78,39,2,2024-04-19 07:55:57,COMPLETED
894,113,25,7,2024-11-15 06:44:09,COMPLETED
895,122,11,9,2024-03-26 09:17:49,COMPLETED
896,101,35,5,2024-09-03 05:44:02,COMPLETED
897,174,24,1,2024-08-02 23:13:09,COMPLETED
898,37,8,1,2024-01-02 22:52:53,COMPLETED
899,101,35,9,2024-02-03 01:26:23,COMPLETED
900,192,23,4,2024-06-09 06:13:07,CANCELLED
901,132,10,3,2024-03-12 10:56:11,COMPLETED
902,65,13,2,2024-03-11 10:22:44,COMPLETED
903,146,4,9,2024-06-28 03:18:11,COMPLETED
904,19,19,2,2024-04-07 08:34:40,COMPLETED
905,186,38,8,2024-05-08 11:45:15,COMPLETED
906,172,16,2,2024-04-20 17:40:14,COMPLETED
907,50,21,8,2024-06-24 00:19:29,COMPLETED
908,169,20,10,2024-02-29 04:25:26,COMPLETED
909,94,21,7,2024-03-06 11:50:03,COMPLETED
910,64,15,7,2024-04-17 10:50:34,COMPLETED
911,35,22,8,2024-06-28 18:03:34,COMPLETED
912,199,20,8,2024-08-02 05:57:14,COMPLETED
913,166,39,2,2024-11-22 22:04:45,COMPLETED
914,36,35,4,2024-04-12 05:31:29,COMPLETED
915,161,5,2,2024-12-12 11:01:22,COMPLETED
916,130,2,10,2024-08-12 19:44:47,COMPLETED
917,152,14,1,2024-08-02 05:13:43,COMPLETED
918,139,31,3,2024-05-22 01:40:36,COMPLETED
919,198,38,5,2024-02-21 23:51:49,COMPLETED
920,131,6,7,2024-05-21 07:28:22,COMPLETED
921,170,16,10,2024-09-22 16:50:55,COMPLETED
922,132,9,8,2024-03-02 20:03:37,COMPLETED
923,145,10,8,2024-12-30 17:44:52,COMPLETED
924,57,32,4,2024-01-25 09:54:30,COMPLETED
925,60,3,4,2024-07-20 03:02:24,CANCELLED
926,93,25,8,2024-12-22 11:27:58,COMPLETED
927,12,3,6,2024-02-10 02:07:36,COMPLETED
928,134,18,5,2024-08-12 17:14:09,COMPLETED
929,45,25,7,2024-05-21 20:48:45,COMPLETED
930,20,34,5,2024-05-26 03:38:18,CANCELLED
931,58,34,7,2024-05-17 01:14:52,COMPLETED
932,89,32,8,2024-12-10 13:02:30,COMPLETED
933,129,9,8,2024-03-05 07:33:29,COMPLETED
934,132,18,4,2024-02-28 08:20:31,COMPLETED
935,93,39,2,2024-09-13 17:59:18,COMPLETED
936,85,8,8,2024-09-19 05:35:39,COMPLETED
937,54,38,3,2024-09-08 08:53:35,COMPLETED
938,6,16,1,2024-02-19 15:58:32,COMPLETED
939,42,9,9,2024-01-16 05:17:07,COMPLETED
940,38,4,3,2024-04-10 07:09:15,CANCELLED
941,133,26,10,2024-08-06 21:10:35,COMPLETED
942,185,19,2,2024-03-25 02:47:49,COMPLETED
943,121,31,3,2024-03-26 04:37:08,COMPLETED
944,154,10,10,2024-11-14 15:10:40,COMPLETED
945,160,33,5,2024-03-06 03:16:46,COMPLETED
946,88,30,10,2024-08-17 08:45:13,COMPLETED
947,97,25,3,2024-02-12 03:56:48,COMPLETED
948,134,33,7,2024-11-16 23:40:14,COMPLETED
949,25,12,8,2024-12-16 03:35:51,COMPLETED
950,10,35,9,2024-10-19 04:43:09,COMPLETED
951,124,9,10,2024-07-28 10:30:34,COMPLETED
952,199,28,9,2024-06-12 09:03:33,COMPLETED
953,12,34,7,2024-03-30 02:58:00,CANCELLED
954,124,25,6,2024-08-16 18:19:33,COMPLETED
955,195,37,2,2024-06-14 05:50:55,COMPLETED
956,123,15,2,2024-04-20 00:14:12,COMPLETED
957,140,27,5,2024-03-14 09:48:12,COMPLETED
958,191,1,10,2024-07-21 22:25:54,COMPLETED
959,2,25,4,2024-09-24 02:27:02,COMPLETED
960,105,24,2,2024-03-01 02:38:27,COMPLETED
961,150,17,5,2024-11-28 00:57:45,COMPLETED
962,145,24,10,2024-04-17 00:24:37,CANCELLED
963,102,14,7,2024-08-02 09:59:27,COMPLETED
964,124,12,6,2024-08-05 03:07:55,COMPLETED
965,65,20,10,2024-05-13 17:38:00,COMPLETED
966,102,9,2,2024-10-17 10:08:00,COMPLETED
967,180,11,2,2024-03-24 06:53:41,COMPLETED
968,87,36,10,2024-09-27 17:02:45,COMPLETED
969,14,11,7,2024-09-03 22:47:58,COMPLETED
970,24,10,8,2024-12-25 13:39:26,COMPLETED
971,23,5,5,2024-03-27 03:02:54,COMPLETED
972,156,3,7,2024-12-27 10:36:46,CANCELLED
973,158,34,5,2024-10-03 08:38:49,CANCELLED
974,15,12,8,2024-06-19 11:30:57,COMPLETED
975,169,34,5,2024-03-16 15:10:08,COMPLETED
976,154,33,9,2024-09-28 06:01:24,COMPLETED
977,44,3,6,2024-04-02 22:02:00,COMPLETED
978,41,6,5,2024-10-29 19:04:40,COMPLETED
979,172,26,7,2024-08-15 14:39:47,COMPLETED
980,4,5,2,2024-08-01 10:34:29,COMPLETED
981,144,38,6,2024-05-14 22:42:09,CANCELLED
982,71,15,10,2024-03-16 13:06:22,COMPLETED
983,104,37,1,2024-04-11 09:41:54,COMPLETED
984,130,7,9,2024-01-29 02:41:10,COMPLETED
985,88,8,9,2024-04-10 01:52:35,COMPLETED
986,148,17,8,2024-05-26 10:38:34,COMPLETED
987,198,16,6,2024-10-28 05:06:17,COMPLETED
988,118,38,1,2024-07-06 04:17:15,COMPLETED
989,18,25,4,2024-09-19 21:17:10,COMPLETED
990,81,27,6,2024-07-19 14:10:05,COMPLETED
991,180,17,4,2024-04-21 13:43:58,COMPLETED
992,173,22,2,2024-08-03 08:47:40,CANCELLED
993,122,21,6,2024-03-25 21:11:02,COMPLETED
994,69,12,4,2024-07-12 19:00:39,COMPLETED
995,61,16,5,2024-03-21 07:18:59,COMPLETED
996,64,40,6,2024-03-01 13:59:02,COMPLETED
997,31,6,8,2024-08-26 09:16:55,COMPLETED
998,139,3,8,2024-05-24 03:48:08,COMPLETED
999,127,37,5,2024-07-09 14:38:14,COMPLETED
1000,196,33,5,2024-06-03 12:30:20,COMPLETED
1001,148,9,1,2024-07-23 04:12:34,COMPLETED
1002,123,35,1,2024-07-14 03:24:30,COMPLETED
1003,176,12,8,2024-02-16 17:54:45,COMPLETED
1004,118,21,1,2024-01-05 14:10:12,COMPLETED
1005,98,38,2,2024-05-06 09:17:06,COMPLETED
1006,67,12,9,2024-04-12 01:55:50,COMPLETED
1007,121,40,6,2024-05-22 02:39:37,COMPLETED
1008,109,14,7,2024-09-29 03:06:54,COMPLETED
1009,94,26,5,2024-06-24 01:05:55,COMPLETED
1010,34,37,4,2024-11-12 04:48:25,COMPLETED
1011,70,16,9,2024-06-16 20:34:14,COMPLETED
1012,51,10,3,2024-07-02 16:33:30,COMPLETED
1013,46,27,8,2024-02-22 05:22:00,CANCELLED
1014,162,34,9,2024-10-06 20:06:32,COMPLETED
1015,125,20,5,2024-08-06 07:30:36,COMPLETED
1016,13,26,2,2024-09-25 04:19:44,COMPLETED
1017,56,17,8,2024-11-21 19:46:59,COMPLETED
1018,116,22,5,2024-05-20 04:24:35,COMPLETED
1019,143,17,6,2024-01-08 16:52:43,COMPLETED
1020,90,39,4,2024-08-12 00:40:00,COMPLETED
1021,167,35,3,2024-10-30 01:00:28,COMPLETED
1022,84,33,8,2024-10-27 21:08:27,COMPLETED
1023,21,25,10,2024-04-21 06:35:35,COMPLETED
1024,38,11,6,2024-06-12 19:36:52,COMPLETED
1025,147,26,2,2024-01-31 17:22:35,COMPLETED
1025,147,26,2,2024-01-31 17:22:35,COMPLETED
1026,59,21,6,2024-09-10 14:31:23,COMPLETED
1027,69,39,7,2024-04-15 08:12:55,COMPLETED
1028,200,24,10,2024-07-21 07:28:21,CANCELLED
1029,106,11,3,2024-11-27 17:49:53,COMPLETED
1030,187,16,5,2024-10-15 21:25:14,COMPLETED
1031,21,14,3,2024-06-03 04:43:59,COMPLETED
1032,17,31,9,2024-01-21 21:41:22,COMPLETED
1033,102,34,2,2024-02-10 08:40:58,COMPLETED
1034,40,6,7,2024-04-30 03:32:36,COMPLETED
1035,189,19,8,2024-08-31 07:13:23,COMPLETED
1036,135,11,1,2024-01-14 15:40:05,COMPLETED
1037,84,31,8,2024-12-04 05:21:36,COMPLETED
1038,70,36,8,2024-02-22 11:21:43,CANCELLED
1039,179,35,3,2024-08-17 10:56:36,COMPLETED
1040,162,37,7,2024-07-22 06:59:56,COMPLETED
1041,137,20,6,2024-07-06 01:19:08,COMPLETED
1042,23,29,5,2024-05-22 01:20:51,COMPLETED
1042,23,29,5,2024-05-22 01:20:51,COMPLETED
1043,40,20,1,2024-01-01 00:51:38,COMPLETED
1044,195,9,6,2024-04-21 08:49:04,COMPLETED
1045,3,32,8,2024-04-26 08:34:20,COMPLETED
1046,111,19,10,2024-03-30 19:05:01,COMPLETED
1047,141,24,4,2024-06-08 21:39:23,COMPLETED
1047,141,24,4,2024-06-08 21:39:23,COMPLETED
1048,112,26,4,2024-03-04 09:46:55,COMPLETED
1049,166,25,7,2024-03-26 16:04:13,COMPLETED
1050,109,16,9,2024-10-23 22:00:48,COMPLETED
1051,157,18,5,2024-09-08 20:03:27,COMPLETED
1052,69,27,4,2024-11-27 11:01:44,COMPLETED
1053,35,19,2,2024-09-04 08:16:13,COMPLETED
1054,116,18,10,2024-07-10 01:44:06,COMPLETED
1055,5,10,1,2024-07-26 18:17:19,COMPLETED
1056,27,19,5,2024-02-18 13:26:59,COMPLETED
1057,187,1,4,2024-02-05 00:41:48,COMPLETED
1058,127,14,6,2024-06-12 04:56:56,COMPLETED
1059,128,24,8,2024-09-27 15:54:11,COMPLETED
1060,85,6,3,2024-01-22 18:18:54,COMPLETED
1061,101,5,9,2024-07-01 14:05:08,COMPLETED
1062,65,25,1,2024-02-17 08:45:50,CANCELLED
1063,183,16,7,2024-10-26 12:20:27,CANCELLED
1064,64,3,4,2024-06-27 23:17:24,COMPLETED
1065,25,34,4,2024-07-02 15:03:12,COMPLETED
1066,80,21,3,2024-09-01 08:14:09,COMPLETED
1067,191,36,9,2024-02-17 10:26:29,COMPLETED
1068,164,20,4,2024-05-19 23:25:11,COMPLETED
1069,171,14,2,2024-04-01 15:21:39,COMPLETED
1070,84,1,3,2024-11-04 12:15:18,COMPLETED
1071,31,26,4,2024-01-04 11:13:56,CANCELLED
1072,149,31,10,2024-03-01 04:37:46,COMPLETED
1073,23,16,3,2024-07-13 03:35:05,COMPLETED
1074,159,22,1,2024-01-24 05:08:40,COMPLETED
1075,40,35,2,2024-02-18 20:47:48,COMPLETED
1076,82,36,6,2024-11-08 20:02:26,COMPLETED
1077,188,13,1,2024-09-24 16:16:31,COMPLETED
1078,186,9,5,2024-12-15 00:08:48,COMPLETED
1079,181,29,9,2024-04-24 10:56:20,COMPLETED
1080,126,13,10,2024-03-13 11:29:13,COMPLETED
1081,83,30,5,2024-12-02 23:11:40,COMPLETED
1082,142,11,2,2024-07-25 06:33:34,COMPLETED
1083,76,17,9,2024-05-22 13:44:18,COMPLETED
1084,199,33,7,2024-10-11 22:11:08,COMPLETED
1085,5,40,6,2024-10-28 08:59:55,COMPLETED
1086,83,5,9,2024-11-14 02:05:48,COMPLETED
1087,135,32,9,2024-02-29 20:36:35,COMPLETED
1088,83,27,6,2024-02-12 21:36:01,COMPLETED
1089,169,5,1,2024-11-20 08:33:58,CANCELLED
1090,46,3,4,2024-02-11 13:49:35,COMPLETED
1091,26,3,10,2024-09-06 05:33:32,COMPLETED
1092,169,32,9,2024-08-30 07:49:35,COMPLETED
1093,66,4,6,2024-03-26 17:17:07,COMPLETED
1094,19,1,4,2024-09-11 16:01:37,COMPLETED
1095,21,30,1,2024-05-20 04:04:28,COMPLETED
1096,107,24,1,2024-11-15 20:54:31,COMPLETED
1097,136,3,2,2024-11-20 01:41:53,COMPLETED
1098,56,34,2,2024-02-09 07:29:11,COMPLETED
1099,137,25,4,2024-03-16 00:00:13,COMPLETED
1100,64,37,3,2024-08-04 20:53:02,COMPLETED
1101,107,7,10,2024-05-19 00:27:37,COMPLETED
1102,180,28,2,2024-03-05 18:46:31,COMPLETED
1103,141,26,9,2024-05-11 01:50:52,COMPLETED
1104,137,39,8,2024-12-28 13:02:12,COMPLETED
1105,81,36,6,2024-11-24 02:36:36,COMPLETED
1106,196,28,6,2024-08-24 06:49:25,COMPLETED
1107,140,14,7,2024-10-24 08:55:04,COMPLETED
1108,191,17,6,2024-06-24 16:42:21,COMPLETED
1109,102,1,1,2024-04-20 11:33:57,COMPLETED
1110,133,9,5,2024-01-03 13:13:33,COMPLETED
1111,57,14,6,2024-01-09 10:16:17,COMPLETED
1112,177,18,9,2024-07-17 13:23:44,COMPLETED
1113,147,10,2,2024-01-15 15:43:40,COMPLETED
1114,40,9,5,2024-05-22 13:27:37,COMPLETED
1115,64,15,5,2024-11-10 23:45:35,COMPLETED
1116,147,26,10,2024-12-22 11:16:42,COMPLETED
1117,20,21,8,2024-03-08 03:34:04,COMPLETED
1118,177,37,2,2024-08-19 03:57:24,COMPLETED
1119,10,37,7,2024-01-31 11:27:44,COMPLETED
1120,198,22,6,2024-12-07 16:15:37,COMPLETED
1121,107,8,4,2024-10-17 08:52:12,COMPLETED
1122,155,1,7,2024-01-22 00:30:32,COMPLETED
1123,11,21,9,2024-08-07 09:22:11,COMPLETED
1124,129,15,3,2024-01-20 14:52:43,COMPLETED
1125,101,29,10,2024-08-11 09:45:49,COMPLETED
1126,57,28,5,2024-11-01 09:29:01,COMPLETED
1127,34,22,2,2024-07-03 19:17:12,COMPLETED
1128,13,36,7,2024-04-11 23:13:03,COMPLETED
1129,129,28,3,2024-10-22 22:39:41,COMPLETED
1130,144,13,8,2024-06-02 12:38:17,COMPLETED
1131,51,36,10,2024-10-12 16:55:13,COMPLETED
1132,63,5,5,2024-10-28 16:02:19,COMPLETED
1133,176,37,2,2024-02-13 16:51:15,COMPLETED
1134,109,24,6,2024-03-14 23:29:35,COMPLETED
1135,153,2,5,2024-03-06 17:34:24,CANCELLED
1136,158,29,10,2024-02-26 15:07:36,COMPLETED
1137,60,13,6,2024-03-01 13:56:36,COMPLETED
1138,22,8,1,2024-04-04 09:22:27,CANCELLED
1139,38,19,1,2024-05-13 07:31:15,COMPLETED
1140,29,20,8,2024-07-01 23:48:43,COMPLETED
1141,54,35,4,2024-03-20 03:33:58,COMPLETED
1142,193,17,9,2024-07-06 14:07:54,COMPLETED
1143,37,2,7,2024-08-14 09:59:59,CANCELLED
1144,135,3,5,2024-03-07 03:29:39,COMPLETED
1145,52,40,5,2024-01-21 14:47:25,COMPLETED
1146,3,5,7,2024-09-13 11:07:15,COMPLETED
1147,169,24,2,2024-01-08 09:49:22,COMPLETED
1148,167,25,4,2024-05-27 20:23:32,COMPLETED
1149,182,7,6,2024-07-07 05:22:43,COMPLETED
1150,137,6,3,2024-03-18 05:39:04,COMPLETED
1151,118,36,1,2024-01-16 10:31:09,COMPLETED
1152,136,20,6,2024-07-09 06:30:18,COMPLETED
1153,41,2,6,2024-09-22 18:14:38,COMPLETED
1154,161,20,4,2024-07-13 16:00:08,COMPLETED
1155,16,17,7,2024-12-11 19:08:56,CANCELLED
1156,8,36,5,2024-03-28 14:34:59,COMPLETED
1157,101,9,2,2024-10-10 11:03:53,COMPLETED
1158,174,40,4,2024-06-11 01:49:43,COMPLETED
1159,40,28,5,2024-12-19 07:20:54,COMPLETED
1160,115,35,3,2024-03-21 07:07:02,COMPLETED
1161,149,35,4,2024-11-30 23:53:59,COMPLETED
1162,177,34,3,2024-06-16 00:29:23,CANCELLED
1163,198,10,10,2024-12-22 04:06:16,COMPLETED
1164,18,36,9,2024-10-06 09:40:17,COMPLETED
1165,82,10,1,2024-10-24 06:22:17,COMPLETED
1166,106,27,5,2024-06-21 01:06:03,COMPLETED
1167,164,18,3,2024-10-29 13:48:42,COMPLETED
1168,34,12,1,2024-10-23 02:31:32,CANCELLED
1169,158,18,10,2024-08-08 05:13:28,COMPLETED
1170,153,15,4,2024-09-23 22:49:34,COMPLETED
1171,21,31,3,2024-07-14 02:00:16,COMPLETED
1172,121,24,3,2024-11-26 22:25:19,COMPLETED
1173,122,9,3,2024-03-16 01:18:43,COMPLETED
1174,105,1,5,2024-06-09 09:50:57,COMPLETED
1175,172,13,4,2024-01-26 16:26:06,COMPLETED
1175,172,13,4,2024-01-26 16:26:06,COMPLETED
1176,113,40,8,2024-09-24 03:20:42,COMPLETED
1177,118,16,7,2024-06-06 05:37:54,COMPLETED
1178,156,25,6,2024-06-02 01:45:03,COMPLETED
1179,191,37,10,2024-07-27 05:22:03,COMPLETED
1180,181,3,9,2024-02-12 10:54:06,COMPLETED
1181,11,16,9,2024-07-27 21:18:13,COMPLETED
1182,189,3,9,2024-05-30 10:48:34,COMPLETED
1183,162,4,4,2024-04-23 01:59:18,COMPLETED
1183,162,4,4,2024-04-23 01:59:18,COMPLETED
1184,78,19,8,2024-03-05 15:46:03,COMPLETED
1185,157,4,9,2024-12-16 22:52:03,COMPLETED
1186,166,29,2,2024-10-07 15:33:22,COMPLETED
1187,47,38,9,2024-02-22 13:08:58,COMPLETED
1188,83,29,1,2024-03-10 11:16:09,COMPLETED
1189,183,13,8,2024-02-05 00:32:07,COMPLETED
1190,178,11,2,2024-02-05 09:57:50,COMPLETED
1191,116,24,2,2024-07-22 10:19:52,COMPLETED
1192,187,33,10,2024-03-03 02:22:22,COMPLETED
1193,98,3,3,2024-12-20 06:48:43,COMPLETED
1194,169,10,3,2024-12-03 09:58:32,COMPLETED
1195,197,4,7,2024-04-29 15:20:52,COMPLETED
1196,197,29,5,2024-08-31 06:57:49,COMPLETED
1197,34,13,1,2024-08-29 18:40:58,COMPLETED
1198,4,30,8,2024-11-28 05:00:32,COMPLETED
1199,2,39,8,2024-04-02 09:11:13,COMPLETED
1200,169,31,8,2024-06-08 06:53:16,COMPLETED
1201,154,39,1,2024-04-05 00:53:31,COMPLETED
1202,72,40,9,2024-11-14 12:05:07,COMPLETED
1203,13,12,3,2024-01-22 09:13:59,COMPLETED
1204,10,10,1,2024-09-16 00:51:30,COMPLETED
1205,155,20,6,2024-12-23 10:36:25,COMPLETED
1206,28,27,3,2024-03-03 15:45:11,COMPLETED
1207,157,39,10,2024-11-01 18:14:18,COMPLETED
1208,117,38,6,2024-12-27 18:01:16,COMPLETED
1209,197,20,6,2024-05-23 03:18:57,COMPLETED
1210,18,28,9,2024-01-26 05:09:10,COMPLETED
1211,35,8,5,2024-05-07 20:26:45,COMPLETED
1212,135,14,4,2024-08-25 16:45:15,COMPLETED
1213,147,34,2,2024-07-06 20:03:56,COMPLETED
1214,155,19,7,2024-08-24 10:50:34,COMPLETED
1215,67,34,10,2024-08-30 01:03:23,COMPLETED
1216,34,40,10,2024-07-11 18:45:16,COMPLETED
1217,162,32,8,2024-11-09 18:55:22,COMPLETED
1218,157,15,5,2024-03-16 04:04:02,COMPLETED
1219,7,30,2,2024-10-13 09:42:12,COMPLETED
1220,158,27,7,2024-01-18 16:01:04,COMPLETED
1221,144,14,1,2024-09-05 18:59:43,COMPLETED
1222,73,17,2,2024-04-29 12:38:53,COMPLETED
1223,141,21,1,2024-02-14 05:02:07,COMPLETED
1224,88,26,10,2024-08-27 05:28:26,CANCELLED
1225,45,13,6,2024-11-19 19:48:54,COMPLETED
1226,173,31,8,2024-11-05 14:56:58,COMPLETED
1227,35,31,3,2024-08-31 13:55:56,COMPLETED
1228,138,22,8,2024-10-31 11:18:26,COMPLETED
1229,191,4,9,2024-04-26 06:05:09,COMPLETED
1230,174,21,9,2024-07-27 02:48:52,COMPLETED
1231,148,22,6,2024-01-26 17:09:00,CANCELLED
1232,72,2,6,2024-05-25 17:29:51,COMPLETED
1233,43,37,10,2024-05-31 07:01:15,COMPLETED
1234,30,20,6,2024-10-02 16:11:18,COMPLETED
1235,106,6,8,2024-12-06 14:41:12,COMPLETED
1236,116,20,4,2024-07-22 22:17:26,COMPLETED
1237,29,24,1,2024-10-29 01:31:54,COMPLETED
1238,24,29,9,2024-01-10 16:24:32,COMPLETED
1239,129,10,4,2024-05-12 02:06:35,CANCELLED
1240,188,34,5,2024-10-28 04:29:36,COMPLETED
1241,197,7,9,2024-09-19 19:27:44,CANCELLED
1242,53,3,8,2024-05-30 12:35:02,COMPLETED
1243,134,8,1,2024-04-30 18:33:21,CANCELLED
1244,176,39,2,2024-05-09 10:29:08,COMPLETED
1245,12,7,9,2024-10-24 13:19:00,COMPLETED
1246,80,2,10,2024-10-21 13:40:29,COMPLETED
1247,54,21,4,2024-03-15 18:39:19,COMPLETED
1248,137,21,8,2024-09-17 15:19:46,COMPLETED
1249,39,11,5,2024-02-14 10:50:53,COMPLETED
1250,160,36,9,2024-02-09 18:12:24,COMPLETED
1251,90,36,6,2024-04-15 06:23:19,COMPLETED
1252,181,19,10,2024-04-05 01:56:06,COMPLETED
1253,80,40,6,2024-07-28 22:32:37,COMPLETED
1254,34,2,8,2024-12-16 19:17:43,COMPLETED
1255,28,25,1,2024-02-03 10:41:33,COMPLETED
1256,46,39,10,2024-09-01 11:05:31,COMPLETED
1257,180,29,10,2024-05-18 02:39:31,COMPLETED
1258,51,35,2,2024-12-24 08:58:12,COMPLETED
1259,120,37,3,2024-02-06 02:02:29,COMPLETED
1260,179,30,2,2024-06-25 22:21:08,COMPLETED
1261,165,30,8,2024-03-30 23:32:47,CANCELLED
1262,37,40,5,2024-12-20 12:29:12,COMPLETED
1263,47,22,6,2024-06-25 00:54:15,COMPLETED
1264,17,31,2,2024-05-16 11:39:57,COMPLETED
1265,44,19,6,2024-08-22 17:47:28,COMPLETED
1266,131,7,7,2024-11-13 12:08:42,COMPLETED
1267,28,21,9,2024-09-09 05:19:33,COMPLETED
1268,78,35,8,2024-06-04 15:52:49,COMPLETED
1269,62,40,4,2024-07-31 19:15:18,COMPLETED
1270,124,25,2,2024-05-12 07:41:10,COMPLETED
1271,178,38,7,2024-10-31 14:20:09,CANCELLED
1272,146,22,9,2024-09-26 13:47:23,COMPLETED
1273,170,5,10,2024-11-20 23:03:30,COMPLETED
1274,152,39,8,2024-05-06 08:44:37,COMPLETED
1275,114,12,5,2024-06-06 14:16:17,COMPLETED
1276,28,39,7,2024-05-07 03:39:57,COMPLETED
1277,170,4,2,2024-03-25 12:17:19,COMPLETED
1278,149,1,3,2024-09-13 15:51:39,COMPLETED
1279,137,19,7,2024-08-27 01:32:54,COMPLETED
1280,51,14,6,2024-04-26 09:44:08,COMPLETED
1281,174,20,7,2024-10-05 18:17:56,CANCELLED
1282,89,6,10,2024-01-04 03:40:36,COMPLETED
1283,131,26,3,2024-11-27 01:55:27,COMPLETED
1284,95,36,1,2024-01-01 07:51:36,COMPLETED
1285,92,8,5,2024-12-02 04:43:08,COMPLETED
1286,111,38,7,2024-08-30 19:25:10,COMPLETED
1287,98,26,7,2024-06-18 00:15:54,COMPLETED
1288,170,12,8,2024-02-24 00:12:56,COMPLETED
1289,99,24,7,2024-02-29 21:52:31,COMPLETED
1290,172,9,3,2024-01-05 12:08:43,COMPLETED
1291,5,10,8,2024-09-12 12:19:16,COMPLETED
1292,35,6,3,2024-09-06 10:08:15,COMPLETED
1293,117,39,7,2024-08-30 01:05:48,COMPLETED
1294,131,28,9,2024-11-14 11:37:10,COMPLETED
1295,91,15,3,2024-06-13 23:09:38,COMPLETED
1296,148,32,4,2024-10-03 13:31:57,COMPLETED
1297,106,35,10,2024-05-22 12:24:30,COMPLETED
1298,10,37,8,2024-09-30 17:58:53,COMPLETED
1299,149,31,2,2024-02-25 04:21:04,COMPLETED
1300,135,18,8,2024-07-19 18:19:08,COMPLETED
1301,157,6,4,2024-07-02 11:34:04,COMPLETED
1302,170,5,9,2024-11-05 22:48:53,COMPLETED
1303,157,4,6,2024-07-26 18:52:17,COMPLETED
1304,121,30,9,2024-12-17 21:02:43,COMPLETED
1305,188,22,7,2024-05-17 01:24:06,CANCELLED
1306,76,19,3,2024-01-14 17:15:51,COMPLETED
1307,153,20,10,2024-04-11 03:30:21,COMPLETED
1308,122,38,3,2024-08-10 11:26:31,COMPLETED
1309,75,40,1,2024-04-21 09:18:56,COMPLETED
1310,33,33,2,2024-11-26 16:02:41,COMPLETED
1311,65,9,10,2024-04-19 02:50:53,COMPLETED
1312,66,1,2,2024-08-22 12:01:28,COMPLETED
1313,152,10,8,2024-05-23 14:28:35,COMPLETED
1314,67,16,8,2024-03-11 05:15:49,COMPLETED
1315,9,22,2,2024-02-26 08:09:09,COMPLETED
1316,40,32,7,2024-10-26 04:20:53,COMPLETED
1317,170,29,3,2024-03-22 21:19:38,COMPLETED
1318,89,4,5,2024-10-20 09:37:14,COMPLETED
1319,14,11,8,2024-06-03 20:34:15,COMPLETED
1320,122,35,4,2024-05-27 11:59:59,COMPLETED
1321,100,31,5,2024-02-26 08:53:40,COMPLETED
1322,112,1,5,2024-12-26 02:20:25,COMPLETED
1323,98,21,9,2024-09-22 04:52:06,CANCELLED
1324,25,35,6,2024-11-23 20:52:49,COMPLETED
1325,167,18,6,2024-04-14 23:37:19,COMPLETED
1326,26,17,10,2024-05-31 21:49:02,COMPLETED
1327,173,16,10,2024-10-26 05:33:18,COMPLETED
1328,87,12,6,2024-07-31 16:07:08,COMPLETED
1329,3,5,1,2024-06-08 17:06:58,COMPLETED
1330,27,29,6,2024-03-26 05:06:30,COMPLETED
1331,65,13,1,2024-01-10 04:54:15,COMPLETED
1332,15,39,4,2024-08-20 18:40:22,COMPLETED
1333,182,8,2,2024-11-28 14:36:25,COMPLETED
1334,97,37,3,2024-12-13 23:20:25,COMPLETED
1335,48,17,5,2024-06-30 08:20:29,COMPLETED
1336,20,30,5,2024-10-25 18:56:48,COMPLETED
1337,171,21,5,2024-03-03 21:37:58,COMPLETED
1338,71,4,7,2024-05-30 21:55:31,COMPLETED
1339,16,17,5,2024-03-10 02:25:22,COMPLETED
1340,126,13,10,2024-06-01 11:37:05,COMPLETED
1341,126,7,3,2024-07-28 23:03:24,COMPLETED
1342,56,40,2,2024-12-20 10:08:04,COMPLETED
1343,67,7,1,2024-01-29 07:39:32,COMPLETED
1344,187,17,8,2024-01-08 06:54:01,COMPLETED
1345,39,1,1,2024-09-15 02:34:31,COMPLETED
1346,39,22,7,2024-08-11 04:02:07,COMPLETED
1347,182,32,8,2024-06-18 08:21:07,COMPLETED
1348,187,5,9,2024-03-28 17:02:42,COMPLETED
1349,177,31,2,2024-08-08 07:05:46,COMPLETED
1350,92,22,5,2024-06-04 14:00:02,COMPLETED
1351,166,6,6,2024-07-26 15:04:41,COMPLETED
1352,88,6,8,2024-10-22 07:56:11,COMPLETED
1353,166,13,3,2024-08-03 08:05:09,COMPLETED
1354,99,13,5,2024-09-27 06:05:34,COMPLETED
1355,28,23,8,2024-02-02 22:58:32,COMPLETED
1356,113,13,3,2024-01-14 20:43:55,COMPLETED
1357,185,38,4,2024-07-08 23:58:40,COMPLETED
1358,139,20,8,2024-07-26 08:40:54,CANCELLED
1359,116,2,1,2024-05-11 18:21:59,COMPLETED
1360,185,3,7,2024-02-15 21:35:01,COMPLETED
1361,168,34,8,2024-09-20 08:08:36,COMPLETED
1362,138,10,10,2024-03-31 11:35:01,CANCELLED
1363,10,10,8,2024-09-10 22:09:05,COMPLETED
1364,159,3,4,2024-09-29 08:33:36,COMPLETED
1365,4,12,1,2024-12-17 08:03:51,COMPLETED
1366,25,30,10,2024-03-07 06:56:25,COMPLETED
1367,17,7,2,2024-07-12 01:42:47,COMPLETED
1368,158,15,2,2024-11-08 10:03:01,COMPLETED
1369,87,26,6,2024-02-16 21:57:37,CANCELLED
1370,148,35,3,2024-05-04 21:26:05,COMPLETED
1371,55,3,10,2024-03-08 08:38:57,COMPLETED
1372,31,18,3,2024-10-21 04:52:42,COMPLETED
1373,179,24,9,2024-03-05 01:58:06,COMPLETED
1374,149,3,3,2024-02-08 19:46:04,COMPLETED
1375,162,40,7,2024-10-29 00:19:54,COMPLETED
1376,125,6,1,2024-01-03 19:19:57,COMPLETED
1377,23,38,5,2024-06-10 15:28:20,COMPLETED
1378,198,31,3,2024-03-21 01:33:09,COMPLETED
1379,70,34,8,2024-06-09 00:24:37,COMPLETED
1380,45,40,1,2024-08-19 13:39:27,COMPLETED
1381,128,40,2,2024-08-31 13:50:59,COMPLETED
1382,78,23,7,2024-01-02 18:35:45,COMPLETED
1383,50,8,9,2024-02-07 03:50:17,COMPLETED
1384,195,35,9,2024-03-26 03:48:06,COMPLETED
1385,161,14,5,2024-01-21 14:38:20,COMPLETED
1386,39,31,8,2024-03-09 11:27:25,COMPLETED
1387,12,4,6,2024-04-20 16:59:38,COMPLETED
1388,65,22,10,2024-11-08 16:34:34,COMPLETED
1389,117,3,2,2024-10-14 13:11:08,COMPLETED
1390,138,12,3,2024-11-01 01:18:58,COMPLETED
1391,132,8,2,2024-12-13 14:44:33,COMPLETED
1392,114,38,10,2024-05-06 14:16:55,COMPLETED
1393,192,21,4,2024-10-29 12:34:33,COMPLETED
1394,59,7,4,2024-10-13 12:18:30,COMPLETED
1395,52,25,4,2024-01-29 13:20:47,COMPLETED
1396,125,4,7,2024-02-26 06:57:02,COMPLETED
1397,157,30,3,2024-05-30 10:10:48,COMPLETED
1398,118,13,6,2024-04-14 17:44:06,COMPLETED
1399,33,3,10,2024-01-24 03:59:39,COMPLETED
1400,29,30,8,2024-06-11 10:07:43,COMPLETED
1401,88,15,5,2024-08-22 10:17:42,COMPLETED
1402,164,40,3,2024-08-12 12:28:56,CANCELLED
1403,59,6,7,2024-11-28 19:34:27,COMPLETED
1404,56,38,8,2024-11-21 01:18:11,COMPLETED
1405,4,28,4,2024-04-06 05:57:23,COMPLETED
1406,149,15,10,2024-02-27 20:29:53,CANCELLED
1407,2,27,1,2024-01-16 13:22:26,CANCELLED
1408,188,33,1,2024-06-14 07:47:22,COMPLETED
1409,123,7,8,2024-07-11 08:23:28,COMPLETED
1410,143,1,7,2024-03-25 15:58:03,COMPLETED
1411,76,16,2,2024-01-07 04:28:47,COMPLETED
1412,79,11,8,2024-11-29 04:24:49,COMPLETED
1413,150,2,8,2024-06-29 02:33:44,COMPLETED
1414,181,26,3,2024-11-02 18:01:00,COMPLETED
1415,161,30,1,2024-11-30 03:20:51,COMPLETED
1416,99,22,9,2024-01-13 16:55:05,COMPLETED
1417,193,18,10,2024-07-29 15:51:41,COMPLETED
1417,193,18,10,2024-07-29 15:51:41,COMPLETED
1418,54,6,10,2024-12-08 02:05:29,COMPLETED
1419,15,33,6,2024-12-10 20:33:14,COMPLETED
1420,99,24,8,2024-08-28 10:44:31,COMPLETED
1421,94,12,9,2024-09-30 17:53:55,COMPLETED
1422,182,14,3,2024-05-10 01:46:15,COMPLETED
1423,30,31,10,2024-12-04 07:31:58,CANCELLED
1424,54,15,6,2024-05-16 23:30:39,COMPLETED
1425,129,28,5,2024-01-22 03:36:14,COMPLETED
1426,89,29,8,2024-07-13 17:51:13,COMPLETED
1427,32,31,9,2024-09-20 10:17:29,COMPLETED
1428,75,29,10,2024-05-22 23:22:04,COMPLETED
1429,178,5,4,2024-12-12 09:08:25,COMPLETED
1430,23,6,7,2024-12-14 17:27:43,COMPLETED
1431,20,7,3,2024-04-17 03:58:21,COMPLETED
1432,38,32,3,2024-12-05 19:31:37,COMPLETED
1433,161,2,5,2024-06-10 18:24:10,CANCELLED
1434,139,9,8,2024-05-14 15:28:49,COMPLETED
1435,189,2,5,2024-03-14 10:10:23,COMPLETED
1436,60,34,6,2024-06-08 21:14:42,COMPLETED
1437,168,21,8,2024-08-18 10:29:25,COMPLETED
1438,136,36,8,2024-06-26 20:56:07,COMPLETED
1439,34,20,3,2024-11-02 12:30:29,COMPLETED
1440,124,24,5,2024-10-25 22:35:15,COMPLETED
1440,124,24,5,2024-10-25 22:35:15,COMPLETED
1441,38,23,5,2024-06-26 01:32:35,CANCELLED
1442,159,11,9,2024-04-20 18:41:27,COMPLETED
1443,45,10,3,2024-04-02 09:26:18,COMPLETED
1444,82,37,3,2024-06-20 05:22:47,COMPLETED
1445,48,14,9,2024-10-01 14:58:12,COMPLETED
1446,82,23,3,2024-05-24 19:49:08,COMPLETED
1447,42,35,5,2024-02-17 04:22:08,CANCELLED
1448,104,32,3,2024-06-26 21:14:56,CANCELLED
1449,40,1,9,2024-07-16 01:23:41,COMPLETED
1450,181,19,8,2024-12-13 23:06:54,COMPLETED
1451,194,37,3,2024-11-06 12:35:24,COMPLETED
1452,114,22,2,2024-10-11 03:23:02,COMPLETED
1453,11,9,9,2024-02-15 09:21:51,COMPLETED
1454,103,40,4,2024-06-22 04:46:00,COMPLETED
1455,84,4,10,2024-09-06 01:28:01,COMPLETED
1456,135,15,5,2024-03-17 00:12:08,COMPLETED
1456,135,15,5,2024-03-17 00:12:08,COMPLETED
1457,138,29,2,2024-07-17 18:12:19,COMPLETED
1458,126,21,10,2024-08-22 23:44:02,COMPLETED
1459,15,24,7,2024-02-27 10:57:21,COMPLETED
1460,110,24,7,2024-05-24 19:02:17,COMPLETED
1461,89,23,5,2024-06-22 01:04:10,COMPLETED
1462,23,14,8,2024-10-14 23:32:19,CANCELLED
1463,114,19,3,2024-11-08 21:24:52,COMPLETED
1464,109,27,3,2024-11-20 11:31:54,COMPLETED
1465,23,10,4,2024-04-27 18:19:08,COMPLETED
1466,135,22,2,2024-12-28 09:36:58,CANCELLED
1467,194,25,2,2024-01-03 13:41:32,COMPLETED
1468,70,27,3,2024-08-03 20:33:37,COMPLETED
1469,146,9,4,2024-03-13 05:42:19,COMPLETED
1470,75,36,8,2024-01-17 09:38:21,COMPLETED
1471,78,38,5,2024-07-10 21:21:01,COMPLETED
1472,119,15,1,2024-11-03 06:42:02,COMPLETED
1473,68,20,8,2024-02-18 05:24:46,COMPLETED
1474,74,27,3,2024-07-10 00:42:52,CANCELLED
1475,166,16,1,2024-02-16 08:27:57,COMPLETED
1476,127,5,10,2024-10-16 13:10:29,COMPLETED
1477,124,37,7,2024-12-03 05:34:14,COMPLETED
1478,176,31,2,2024-05-24 22:29:48,COMPLETED
1479,148,2,5,2024-03-04 05:50:46,COMPLETED
1480,38,21,8,2024-12-07 02:30:36,COMPLETED
1481,92,11,1,2024-04-15 21:28:18,COMPLETED
1482,163,23,1,2024-04-22 13:39:20,COMPLETED
1483,164,5,9,2024-03-16 06:29:06,COMPLETED
1484,47,7,10,2024-10-19 07:00:22,COMPLETED
1485,83,21,5,2024-04-15 10:10:51,COMPLETED
1486,177,24,2,2024-07-26 13:09:30,COMPLETED
1487,37,1,3,2024-07-20 05:42:05,COMPLETED
1488,200,32,7,2024-05-12 03:56:52,CANCELLED
1489,42,7,4,2024-03-01 00:33:22,COMPLETED
1490,49,36,10,2024-09-24 20:01:48,COMPLETED
1491,135,35,9,2024-09-29 17:34:59,COMPLETED
1492,30,27,8,2024-12-21 18:01:45,COMPLETED
1493,34,2,8,2024-05-15 05:33:05,COMPLETED
1494,93,9,8,2024-12-11 12:51:03,CANCELLED
1495,134,22,3,2024-10-02 16:41:59,COMPLETED
1496,191,8,4,2024-02-19 23:42:21,COMPLETED
1497,37,15,5,2024-02-18 16:17:32,COMPLETED
1498,21,28,2,2024-01-31 04:32:43,COMPLETED
1499,124,28,1,2024-03-17 06:07:26,COMPLETED
1500,169,33,10,2024-01-24 00:23:31,COMPLETED
1501,65,3,2,2024-04-27 03:32:33,COMPLETED
1502,194,7,2,2024-12-23 07:56:08,COMPLETED
1503,151,13,3,2024-09-17 10:27:03,COMPLETED
1504,24,10,5,2024-08-13 03:40:27,COMPLETED
1505,42,33,10,2024-04-03 21:56:57,COMPLETED
1506,18,7,10,2024-10-23 09:57:00,COMPLETED
1507,56,13,5,2024-03-07 17:02:40,CANCELLED
1508,138,1,2,2024-12-24 22:28:03,COMPLETED
1509,130,31,6,2024-09-28 03:04:13,COMPLETED
1510,113,7,3,2024-11-20 04:21:38,COMPLETED
1511,98,28,4,2024-07-18 17:10:00,COMPLETED
1512,29,21,2,2024-06-29 22:31:06,COMPLETED
1513,35,32,6,2024-09-30 16:34:05,COMPLETED
1514,185,3,2,2024-05-07 10:15:26,COMPLETED
1515,99,19,8,2024-08-21 04:02:08,COMPLETED
1516,176,29,4,2024-08-03 02:52:13,COMPLETED
1517,110,13,2,2024-12-13 11:43:03,COMPLETED
1518,122,24,3,2024-01-05 23:10:21,CANCELLED
1519,126,7,7,2024-06-19 02:59:59,COMPLETED
1520,174,6,2,2024-02-25 16:16:57,COMPLETED
1521,178,38,2,2024-10-14 22:38:54,CANCELLED
1522,44,5,6,2024-03-18 07:37:10,COMPLETED
1523,153,26,2,2024-03-31 10:30:08,COMPLETED
1524,186,32,5,2024-10-24 00:36:40,COMPLETED
1525,149,38,5,2024-10-20 17:15:15,COMPLETED
1526,165,26,6,2024-07-03 19:01:20,COMPLETED
1527,104,32,9,2024-04-18 07:26:56,COMPLETED
1528,117,7,2,2024-04-07 08:35:55,COMPLETED
1529,60,9,1,2024-02-08 16:22:15,COMPLETED
1530,18,32,1,2024-03-10 13:17:34,COMPLETED
1531,174,21,3,2024-04-27 13:51:31,COMPLETED
1532,25,5,9,2024-10-25 02:17:26,COMPLETED
1533,120,13,5,2024-09-14 03:09:22,COMPLETED
1534,130,17,9,2024-05-13 10:43:47,COMPLETED
1535,139,35,1,2024-10-23 16:40:08,COMPLETED
1536,111,8,7,2024-06-23 19:22:50,COMPLETED
1537,97,29,8,2024-01-14 23:22:06,COMPLETED
1538,143,20,3,2024-07-09 20:55:19,COMPLETED
1539,80,25,8,2024-10-23 17:05:59,COMPLETED
1540,173,32,9,2024-09-23 04:09:00,COMPLETED
1541,121,31,9,2024-11-27 19:07:58,COMPLETED
1542,15,26,5,2024-07-11 02:51:19,COMPLETED
1543,97,40,6,2024-10-24 16:01:31,CANCELLED
1544,83,4,1,2024-08-17 07:31:04,COMPLETED
1545,94,23,10,2024-01-11 10:43:28,COMPLETED
1546,161,22,7,2024-02-07 19:22:05,COMPLETED
1547,92,27,6,2024-01-22 22:08:42,COMPLETED
1548,64,16,5,2024-08-18 02:47:43,COMPLETED
1549,177,5,5,2024-02-14 10:56:59,COMPLETED
1550,6,35,6,2024-01-15 12:23:04,COMPLETED
1551,109,37,9,2024-12-16 01:44:55,COMPLETED
1552,6,31,10,2024-01-09 15:15:31,CANCELLED
1553,97,37,7,2024-05-05 05:11:05,COMPLETED
1554,126,7,4,2024-05-10 11:26:37,COMPLETED
1555,196,22,3,2024-08-26 18:36:40,COMPLETED
1556,112,13,8,2024-09-03 18:46:09,COMPLETED
1557,20,35,4,2024-04-21 14:20:52,COMPLETED
1558,77,37,7,2024-11-08 11:26:37,COMPLETED
1559,191,6,10,2024-02-06 18:58:52,COMPLETED
1560,70,5,10,2024-11-07 03:35:30,COMPLETED
1561,110,14,6,2024-11-05 00:00:42,COMPLETED
1562,78,33,5,2024-06-17 03:01:05,COMPLETED
1563,81,13,7,2024-06-05 05:43:00,COMPLETED
1564,132,30,9,2024-03-11 03:19:18,COMPLETED
1565,161,34,3,2024-08-12 00:34:09,COMPLETED
1566,170,30,5,2024-12-29 22:59:29,COMPLETED
1567,158,28,10,2024-10-09 04:32:35,COMPLETED
1568,134,13,6,2024-06-28 14:41:18,COMPLETED
1569,39,20,7,2024-06-08 07:54:10,COMPLETED
1570,17,14,7,2024-04-13 16:00:44,COMPLETED
1571,166,11,5,2024-09-23 17:57:06,COMPLETED
1572,104,16,2,2024-02-28 05:44:58,COMPLETED
1573,63,20,8,2024-07-07 12:05:29,COMPLETED
1574,112,28,1,2024-03-19 10:41:16,COMPLETED
1575,35,2,5,2024-11-02 16:15:22,COMPLETED
1576,169,36,3,2024-09-07 05:15:13,COMPLETED
1577,185,32,1,2024-01-22 11:41:15,COMPLETED
1578,22,21,10,2024-04-25 17:22:01,COMPLETED
1579,105,24,2,2024-06-03 03:19:47,CANCELLED
1580,186,9,4,2024-02-13 11:17:06,COMPLETED
1581,129,8,9,2024-09-14 22:57:08,COMPLETED
1582,199,34,5,2024-07-11 19:15:34,COMPLETED
1583,61,39,2,2024-10-27 06:39:40,COMPLETED
1584,85,38,7,2024-11-08 22:59:17,COMPLETED
1585,61,28,4,2024-02-26 00:46:03,COMPLETED
1586,55,18,8,2024-06-07 14:20:09,COMPLETED
1587,151,4,8,2024-07-26 04:18:01,COMPLETED
1588,29,21,9,2024-06-13 13:55:41,COMPLETED
1589,64,18,3,2024-05-20 23:23:12,COMPLETED
1590,95,20,1,2024-09-07 15:32:29,CANCELLED
1591,156,3,1,2024-09-25 05:37:37,CANCELLED
1592,172,16,5,2024-08-02 15:47:50,COMPLETED
1593,164,24,2,2024-07-26 17:43:44,COMPLETED
1594,114,25,1,2024-12-19 07:50:56,CANCELLED
1595,66,20,2,2024-12-29 15:09:26,COMPLETED
1596,61,20,4,2024-11-29 18:20:40,COMPLETED
1597,113,21,7,2024-11-02 12:58:17,COMPLETED
1598,21,32,8,2024-10-13 04:47:49,COMPLETED
1599,86,28,2,2024-11-16 03:58:22,COMPLETED
1600,67,33,2,2024-05-16 15:32:19,COMPLETED
1601,187,36,6,2024-06-25 00:42:20,COMPLETED
1602,196,4,3,2024-09-01 17:28:58,COMPLETED
1603,165,9,1,2024-06-04 14:26:20,COMPLETED
1604,79,21,10,2024-02-01 22:27:29,COMPLETED
1605,64,34,3,2024-11-24 22:14:36,COMPLETED
1606,106,21,8,2024-07-04 18:41:21,COMPLETED
1607,35,17,3,2024-09-23 23:39:20,COMPLETED
1608,84,19,4,2024-02-02 18:39:18,COMPLETED
1609,47,26,7,2024-11-20 03:46:21,COMPLETED
1610,58,2,1,2024-12-24 12:01:50,COMPLETED
1611,157,15,2,2024-06-28 14:06:44,COMPLETED
1612,180,11,1,2024-06-04 17:54:58,COMPLETED
1613,154,17,3,2024-02-04 14:06:40,CANCELLED
1614,44,37,2,2024-01-06 11:33:37,COMPLETED
1615,112,30,8,2024-02-16 00:36:54,COMPLETED
1616,53,13,5,2024-04-21 20:00:00,COMPLETED
1617,98,9,7,2024-11-28 13:38:46,COMPLETED
1618,56,19,4,2024-06-11 11:07:38,COMPLETED
1619,38,2,5,2024-04-11 16:08:52,COMPLETED
1620,116,16,6,2024-08-14 09:03:01,COMPLETED
1621,118,6,1,2024-07-01 02:17:36,COMPLETED
1622,83,26,4,2024-10-04 00:46:22,COMPLETED
1623,109,39,5,2024-01-29 08:55:39,COMPLETED
1624,16,4,6,2024-12-27 14:09:04,COMPLETED
1625,91,39,10,2024-10-02 13:38:02,COMPLETED
1626,12,1,5,2024-07-14 22:40:20,COMPLETED
1627,78,26,6,2024-02-21 08:32:59,CANCELLED
1628,144,3,10,2024-03-10 15:52:13,COMPLETED
1629,129,32,6,2024-12-06 22:35:26,COMPLETED
1630,23,21,9,2024-06-17 03:11:48,COMPLETED
1631,30,21,1,2024-02-19 15:50:55,COMPLETED
1632,72,24,7,2024-04-19 21:03:24,CANCELLED
1633,68,40,5,2024-07-19 18:32:04,COMPLETED
1634,43,21,8,2024-10-23 13:58:14,CANCELLED
1635,143,29,1,2024-03-14 08:51:41,COMPLETED
1636,59,12,1,2024-07-01 15:01:28,COMPLETED
1637,181,30,7,2024-02-15 01:25:20,CANCELLED
1638,127,3,8,2024-05-18 11:00:29,CANCELLED
1639,144,32,8,2024-07-10 10:59:10,COMPLETED
1640,185,10,2,2024-05-15 18:32:53,COMPLETED
1641,73,12,3,2024-10-18 05:54:58,COMPLETED
1642,70,37,10,2024-03-23 11:40:32,COMPLETED
1643,2,34,10,2024-03-11 03:01:25,COMPLETED
1643,2,34,10,2024-03-11 03:01:25,COMPLETED
1644,20,16,8,2024-09-19 21:14:40,COMPLETED
1645,85,2,5,2024-09-21 14:17:28,CANCELLED
1646,32,26,6,2024-08-17 06:21:12,CANCELLED
1647,28,21,3,2024-01-12 05:07:47,COMPLETED
1648,182,31,8,2024-09-01 00:42:33,CANCELLED
1649,153,1,6,2024-01-18 00:41:01,COMPLETED
1650,116,21,10,2024-02-20 05:21:05,COMPLETED
1651,13,19,6,2024-11-05 23:16:08,COMPLETED
1652,19,36,10,2024-05-28 02:49:16,COMPLETED
1653,66,12,4,2024-10-26 09:05:56,COMPLETED
1654,23,2,4,2024-03-04 06:43:02,COMPLETED
1655,104,19,3,2024-02-16 20:05:31,COMPLETED
1656,111,20,10,2024-02-20 23:40:49,COMPLETED
1657,25,24,9,2024-03-18 14:56:06,COMPLETED
1658,100,31,5,2024-08-06 16:04:20,COMPLETED
1659,24,28,6,2024-08-26 09:39:44,COMPLETED
1660,162,28,2,2024-01-16 16:54:37,COMPLETED
1661,119,15,3,2024-12-27 10:27:03,COMPLETED
1662,162,34,2,2024-04-22 21:32:54,COMPLETED
1663,21,31,5,2024-02-27 17:06:47,CANCELLED
1664,176,20,4,2024-07-22 03:34:16,COMPLETED
1665,146,4,9,2024-01-30 17:20:05,CANCELLED
1666,132,7,9,2024-06-14 00:28:51,COMPLETED
1667,119,37,5,2024-05-18 01:06:19,COMPLETED
1668,21,33,1,2024-02-14 05:57:20,COMPLETED
1669,119,12,3,2024-11-23 08:29:20,COMPLETED
1670,22,27,5,2024-05-01 22:11:31,COMPLETED
1671,117,29,10,2024-11-09 17:33:33,COMPLETED
1672,48,14,3,2024-01-31 09:04:05,COMPLETED
1673,155,17,2,2024-06-17 11:17:56,COMPLETED
1674,2,26,2,2024-01-06 04:00:28,COMPLETED
1675,123,30,7,2024-12-03 09:37:16,COMPLETED
1676,191,39,8,2024-04-27 14:18:01,COMPLETED
1677,158,24,7,2024-11-08 11:47:42,COMPLETED
1678,33,9,1,2024-03-15 02:24:15,COMPLETED
1679,5,13,1,2024-03-22 06:09:36,COMPLETED
1680,38,16,7,2024-11-23 00:50:41,COMPLETED
1681,138,13,2,2024-04-26 20:45:28,COMPLETED
1682,38,31,7,2024-01-09 11:20:51,COMPLETED
1683,40,29,8,2024-07-02 02:35:52,COMPLETED
1684,116,38,4,2024-03-19 04:36:36,COMPLETED
1685,101,4,6,2024-01-04 01:23:37,COMPLETED
1686,183,28,7,2024-11-25 13:40:36,COMPLETED
1687,149,39,9,2024-04-22 22:12:54,COMPLETED
1688,103,32,9,2024-08-17 12:53:07,COMPLETED
1689,174,32,4,2024-10-04 09:40:06,COMPLETED
1690,5,28,10,2024-05-02 15:56:12,COMPLETED
1691,69,27,8,2024-02-15 09:58:00,COMPLETED
1692,166,23,8,2024-09-27 21:18:20,COMPLETED
1693,42,19,4,2024-07-01 05:38:16,COMPLETED
1694,60,33,4,2024-08-16 05:22:34,CANCELLED
1695,87,39,8,2024-02-20 22:29:11,COMPLETED
1696,186,25,7,2024-11-19 12:52:31,CANCELLED
1697,168,24,8,2024-11-06 14:15:26,CANCELLED
1698,42,40,4,2024-04-19 16:41:31,COMPLETED
1699,23,31,3,2024-03-08 07:11:24,COMPLETED
1700,156,32,2,2024-11-04 03:47:33,COMPLETED
1701,127,20,4,2024-03-22 08:03:23,COMPLETED
1702,5,23,5,2024-05-18 15:53:24,COMPLETED
1703,45,33,1,2024-11-09 08:03:57,COMPLETED
1704,111,8,10,2024-03-29 00:54:22,COMPLETED
1705,58,32,5,2024-05-12 04:03:05,COMPLETED
1706,197,3,9,2024-04-13 21:11:56,COMPLETED
1707,177,33,10,2024-09-17 00:03:38,COMPLETED
1708,13,29,8,2024-11-22 20:15:08,COMPLETED
1709,28,40,10,2024-10-30 18:13:28,COMPLETED
1710,27,36,1,2024-07-16 00:25:55,COMPLETED
1711,162,8,4,2024-12-19 19:00:10,COMPLETED
1712,187,19,8,2024-10-22 22:01:32,COMPLETED
1713,188,7,3,2024-09-08 07:20:37,COMPLETED
1714,36,8,4,2024-06-19 12:47:14,CANCELLED
1715,197,1,4,2024-11-20 05:01:28,COMPLETED
1716,88,19,9,2024-03-07 12:16:32,COMPLETED
1717,96,27,6,2024-09-01 10:48:35,COMPLETED
1718,39,34,7,2024-11-01 17:22:57,COMPLETED
1719,110,27,7,2024-12-14 18:34:29,COMPLETED
1720,133,24,1,2024-06-20 21:07:56,COMPLETED
1721,3,34,2,2024-02-02 22:11:24,COMPLETED
1722,103,11,7,2024-01-24 20:55:34,COMPLETED
1723,10,10,10,2024-01-23 10:49:35,CANCELLED
1724,183,34,5,2024-06-11 20:12:31,COMPLETED
1725,175,36,5,2024-10-07 05:20:35,COMPLETED
1726,89,1,5,2024-12-15 14:33:05,COMPLETED
1727,38,26,8,2024-09-07 01:23:25,COMPLETED
1728,140,40,10,2024-09-10 05:25:34,COMPLETED
1729,89,26,4,2024-12-08 03:16:45,COMPLETED
1730,10,35,6,2024-05-31 11:00:11,COMPLETED
1731,190,9,9,2024-07-29 00:31:48,COMPLETED
1732,24,33,9,2024-05-01 06:24:12,COMPLETED
1733,194,11,1,2024-01-11 19:57:54,COMPLETED
1734,139,38,5,2024-04-03 17:26:59,COMPLETED
1735,78,28,9,2024-02-12 21:23:35,COMPLETED
1736,96,17,9,2024-05-17 15:55:51,COMPLETED
1737,194,8,8,2024-04-25 17:11:55,COMPLETED
1738,2,30,6,2024-04-01 16:35:11,COMPLETED
1739,149,37,9,2024-11-23 23:16:15,COMPLETED
1740,90,20,5,2024-09-16 00:10:01,COMPLETED
1741,184,37,3,2024-10-04 10:14:01,COMPLETED
1742,189,16,2,2024-05-07 07:45:18,COMPLETED
1743,50,24,8,2024-02-08 01:18:46,COMPLETED
1744,109,27,2,2024-02-05 19:49:09,COMPLETED
1745,34,31,4,2024-06-22 06:33:02,COMPLETED
1746,174,34,7,2024-08-16 10:47:20,COMPLETED
1747,200,26,5,2024-08-14 22:06:21,COMPLETED
1748,109,29,8,2024-10-11 04:05:46,CANCELLED
1749,42,10,9,2024-02-19 08:52:52,COMPLETED
1750,118,9,9,2024-12-01 06:16:30,COMPLETED
1751,178,14,8,2024-07-02 19:59:37,COMPLETED
1752,41,36,6,2024-12-23 22:50:31,CANCELLED
1753,155,27,2,2024-02-16 22:33:24,COMPLETED
1754,75,3,9,2024-02-29 12:54:05,COMPLETED
1755,79,24,5,2024-04-24 04:06:15,COMPLETED
1756,37,10,10,2024-06-12 19:03:35,COMPLETED
1757,79,19,4,2024-03-12 02:24:09,COMPLETED
1758,126,1,2,2024-07-31 15:25:03,COMPLETED
1759,12,27,8,2024-08-10 13:17:52,COMPLETED
1760,116,22,7,2024-07-03 13:26:30,COMPLETED
1761,156,9,3,2024-07-15 00:44:24,COMPLETED
1762,195,29,8,2024-02-27 20:37:06,COMPLETED
1763,84,6,10,2024-09-15 01:36:37,COMPLETED
1764,100,15,7,2024-05-11 15:41:21,COMPLETED
1765,172,29,5,2024-09-07 20:22:42,COMPLETED
1766,43,2,10,2024-09-01 17:02:36,COMPLETED
1767,182,20,9,2024-09-07 13:19:26,COMPLETED
1768,144,6,4,2024-08-28 06:44:23,COMPLETED
1769,194,4,10,2024-07-21 15:05:52,COMPLETED
1770,122,33,1,2024-02-16 17:07:13,COMPLETED
1771,137,12,1,2024-04-16 18:50:11,COMPLETED
1772,63,38,8,2024-02-02 20:58:33,COMPLETED
1773,156,21,7,2024-08-16 16:52:51,COMPLETED
1774,6,22,7,2024-03-11 02:27:23,COMPLETED
1775,136,21,7,2024-04-09 21:04:14,COMPLETED
1776,26,35,3,2024-04-20 19:40:15,COMPLETED
1777,66,6,3,2024-04-29 03:31:45,CANCELLED
1778,174,11,1,2024-08-26 15:19:33,CANCELLED
1779,47,2,1,2024-04-25 17:47:17,COMPLETED
1780,82,10,7,2024-12-12 19:27:57,COMPLETED
1781,97,8,1,2024-03-19 15:59:27,COMPLETED
1782,153,38,4,2024-07-10 10:54:05,COMPLETED
1783,130,25,2,2024-04-14 13:56:30,COMPLETED
1784,119,36,7,2024-01-26 10:06:53,COMPLETED
1785,105,15,1,2024-04-14 12:45:02,COMPLETED
1786,151,7,4,2024-10-23 07:28:23,COMPLETED
1787,33,20,10,2024-06-06 23:08:48,COMPLETED
1788,163,33,4,2024-10-31 00:59:06,CANCELLED
1789,96,35,3,2024-10-30 16:59:19,COMPLETED
1790,109,36,8,2024-01-17 05:31:49,COMPLETED
1791,119,40,5,2024-09-10 14:56:58,CANCELLED
1792,1,4,8,2024-04-16 03:22:04,COMPLETED
1793,175,25,6,2024-11-23 04:05:51,COMPLETED
1793,175,25,6,2024-11-23 04:05:51,COMPLETED
1794,150,33,5,2024-01-18 15:56:54,COMPLETED
1795,137,37,2,2024-04-26 18:09:09,COMPLETED
1795,137,37,2,2024-04-26 18:09:09,COMPLETED
1796,179,8,3,2024-10-08 14:10:38,COMPLETED
1797,72,28,4,2024-08-25 01:45:45,COMPLETED
1798,82,22,5,2024-10-19 07:36:59,COMPLETED
1799,70,16,6,2024-05-12 16:13:14,COMPLETED
1800,154,22,1,2024-12-20 23:16:02,COMPLETED
1801,166,1,10,2024-07-04 01:34:18,COMPLETED
1802,3,12,7,2024-08-03 20:20:39,COMPLETED
1803,181,32,7,2024-07-27 23:44:55,COMPLETED
1804,167,5,9,2024-01-13 00:27:06,COMPLETED
1805,172,29,2,2024-05-17 02:08:57,CANCELLED
1806,97,39,6,2024-05-30 04:46:51,COMPLETED
1807,197,1,2,2024-06-28 16:36:25,COMPLETED
1808,50,29,1,2024-03-27 00:43:23,COMPLETED
1809,195,18,6,2024-03-15 09:01:05,COMPLETED
1810,158,20,4,2024-03-31 23:26:32,CANCELLED
1811,93,3,5,2024-07-10 09:34:54,CANCELLED
1812,181,39,4,2024-01-03 18:30:24,COMPLETED
1813,164,26,2,2024-12-03 20:12:25,COMPLETED
1814,129,32,3,2024-08-02 07:00:38,COMPLETED
1815,190,37,10,2024-08-07 11:29:19,COMPLETED
1816,151,9,2,2024-02-19 11:44:31,COMPLETED
1817,146,15,9,2024-10-10 01:49:47,COMPLETED
1818,50,2,9,2024-08-26 15:09:00,COMPLETED
1819,144,30,1,2024-12-30 05:46:18,COMPLETED
1820,173,4,6,2024-06-16 23:38:28,COMPLETED
1821,105,18,2,2024-09-21 03:40:34,COMPLETED
1822,127,24,9,2024-10-21 18:35:42,COMPLETED
1823,185,15,1,2024-04-17 22:31:24,CANCELLED
1824,137,29,6,2024-01-03 00:05:16,COMPLETED
1825,86,6,10,2024-11-09 16:03:25,COMPLETED
1826,189,15,7,2024-01-29 21:50:04,CANCELLED
1827,51,11,6,2024-04-30 16:55:14,COMPLETED
1828,161,7,1,2024-07-05 09:36:40,COMPLETED
1829,7,38,6,2024-11-22 10:05:54,COMPLETED
1830,28,31,4,2024-05-12 08:30:16,COMPLETED
1831,86,34,4,2024-01-29 07:34:41,COMPLETED
1832,159,29,2,2024-08-30 20:40:22,COMPLETED
1833,32,6,1,2024-12-22 00:23:50,COMPLETED
1834,81,5,3,2024-01-25 01:54:09,CANCELLED
1835,114,4,5,2024-08-25 04:29:48,COMPLETED
1836,17,7,1,2024-08-05 04:39:46,COMPLETED
1837,98,26,2,2024-08-27 17:40:17,COMPLETED
1838,60,39,10,2024-01-05 02:51:36,COMPLETED
1839,119,28,10,2024-08-28 11:38:49,COMPLETED
1839,119,28,10,2024-08-28 11:38:49,COMPLETED
1840,167,2,8,2024-07-19 20:46:24,COMPLETED
1841,50,7,2,2024-01-05 18:32:16,COMPLETED
1842,18,38,4,2024-12-17 05:20:21,COMPLETED
1843,164,33,5,2024-05-18 00:29:10,COMPLETED
1844,186,40,8,2024-03-13 04:55:54,COMPLETED
1845,12,4,3,2024-05-01 00:56:44,COMPLETED
1846,132,23,5,2024-08-14 16:09:38,COMPLETED
1847,199,10,3,2024-07-01 08:16:43,COMPLETED
1848,88,19,6,2024-01-04 03:19:41,COMPLETED
1849,169,10,1,2024-04-02 04:36:37,COMPLETED
1850,144,4,7,2024-05-13 12:35:54,COMPLETED
1851,52,13,2,2024-05-12 15:29:40,COMPLETED
1852,122,30,10,2024-09-25 21:45:53,COMPLETED
1853,149,37,6,2024-08-27 06:29:50,COMPLETED
1854,85,11,2,2024-06-25 10:24:08,COMPLETED
1855,11,32,4,2024-12-23 06:35:20,COMPLETED
1856,58,15,8,2024-08-30 07:21:21,COMPLETED
1857,124,22,7,2024-03-20 17:41:13,COMPLETED
1858,2,24,1,2024-01-29 15:13:27,COMPLETED
1859,143,8,3,2024-04-22 20:21:59,COMPLETED
1860,162,38,6,2024-01-18 01:13:21,CANCELLED
1861,51,13,5,2024-03-08 15:09:50,COMPLETED
1862,68,12,6,2024-11-25 03:35:28,COMPLETED
1863,46,13,1,2024-03-09 09:09:37,COMPLETED
1864,26,2,3,2024-05-27 03:48:57,COMPLETED
1865,29,22,4,2024-04-28 11:28:50,COMPLETED
1866,95,24,3,2024-07-23 15:18:47,CANCELLED
1867,160,28,2,2024-02-16 00:26:16,COMPLETED
1868,34,13,4,2024-07-25 19:46:10,COMPLETED
1869,96,21,10,2024-06-15 19:36:16,CANCELLED
1870,63,3,10,2024-08-16 02:16:26,COMPLETED
1871,138,19,3,2024-05-07 06:12:16,COMPLETED
1872,162,18,3,2024-11-26 16:34:47,COMPLETED
1873,150,32,4,2024-10-09 10:54:49,COMPLETED
1874,121,40,2,2024-03-06 00:35:37,COMPLETED
1875,193,33,6,2024-07-12 15:10:29,COMPLETED
1876,46,21,6,2024-07-23 01:47:17,COMPLETED
1877,184,32,8,2024-04-14 05:04:03,COMPLETED
1878,164,38,1,2024-03-21 11:14:24,COMPLETED
1879,52,29,4,2024-06-02 18:03:18,COMPLETED
1880,109,25,10,2024-03-02 01:17:49,CANCELLED
1881,96,17,9,2024-02-02 22:00:37,COMPLETED
1882,22,19,8,2024-07-20 11:45:34,COMPLETED
1883,150,3,8,2024-07-17 22:37:43,COMPLETED
1884,110,29,8,2024-06-16 23:14:41,COMPLETED
1885,128,21,5,2024-05-28 11:57:19,COMPLETED
1886,114,15,5,2024-09-07 15:08:35,COMPLETED
1887,22,19,9,2024-07-18 03:33:30,COMPLETED
1888,21,18,4,2024-02-08 05:14:21,COMPLETED
1889,93,3,9,2024-03-18 18:59:34,COMPLETED
1890,173,22,5,2024-04-27 13:30:49,COMPLETED
1891,197,18,4,2024-10-01 01:03:57,COMPLETED
1892,36,35,5,2024-01-04 07:32:29,COMPLETED
1893,73,23,7,2024-06-06 13:56:35,COMPLETED
1894,194,1,8,2024-09-11 00:34:13,COMPLETED
1895,195,10,7,2024-03-29 09:11:07,COMPLETED
1896,192,14,8,2024-03-31 18:27:28,COMPLETED
1897,142,30,8,2024-05-12 07:10:38,COMPLETED
1898,81,13,7,2024-10-26 02:08:30,CANCELLED
1899,107,14,8,2024-06-23 18:02:32,COMPLETED
1900,8,24,3,2024-08-12 06:46:07,COMPLETED
1901,79,1,8,2024-11-10 17:29:18,COMPLETED
1902,91,22,4,2024-06-11 18:44:10,COMPLETED
1903,193,26,9,2024-04-26 08:49:16,COMPLETED
1904,6,37,1,2024-12-24 03:00:24,COMPLETED
1905,85,37,10,2024-12-20 20:47:15,COMPLETED
1906,101,25,4,2024-05-31 16:59:34,COMPLETED
1907,99,13,8,2024-02-12 04:34:58,COMPLETED
1908,116,20,2,2024-03-07 13:47:03,COMPLETED
1909,142,12,1,2024-11-16 23:18:13,COMPLETED
1910,126,2,3,2024-03-18 06:48:09,COMPLETED
1911,99,19,4,2024-03-31 12:05:05,COMPLETED
1912,135,5,8,2024-01-23 07:30:08,COMPLETED
1913,3,11,6,2024-11-29 21:03:11,CANCELLED
1914,101,11,2,2024-02-20 03:39:01,COMPLETED
1915,123,5,7,2024-12-16 22:02:45,COMPLETED
1916,34,14,5,2024-06-16 20:24:08,COMPLETED
1917,171,31,3,2024-08-22 10:58:47,COMPLETED
1918,80,38,4,2024-07-14 03:24:23,COMPLETED
1919,118,18,4,2024-01-03 21:22:35,CANCELLED
1920,115,5,7,2024-08-22 21:35:51,COMPLETED
1921,135,22,10,2024-12-07 11:06:18,COMPLETED
1922,119,37,1,2024-10-13 08:02:51,COMPLETED
1923,166,30,6,2024-09-28 23:25:23,COMPLETED
1924,77,26,10,2024-11-15 18:55:12,COMPLETED
1925,45,27,4,2024-03-10 17:47:21,COMPLETED
1926,188,28,8,2024-05-29 09:20:15,CANCELLED
1927,47,37,2,2024-06-01 20:09:50,COMPLETED
1928,12,16,3,2024-04-16 07:46:47,COMPLETED
1929,138,19,2,2024-09-28 02:14:29,COMPLETED
1930,56,32,7,2024-10-22 21:03:26,COMPLETED
1931,95,5,2,2024-07-14 21:18:02,COMPLETED
1932,84,27,8,2024-03-05 00:24:42,COMPLETED
1933,130,3,8,2024-01-11 09:01:43,COMPLETED
1934,178,30,7,2024-05-13 11:07:19,COMPLETED
1935,50,26,1,2024-01-05 04:04:46,COMPLETED
1936,182,9,6,2024-09-17 07:36:27,COMPLETED
1937,125,30,2,2024-02-02 01:24:32,COMPLETED
1938,63,29,3,2024-07-01 20:03:34,COMPLETED
1939,42,11,1,2024-08-23 17:32:36,COMPLETED
1940,76,8,9,2024-10-14 22:46:55,COMPLETED
1941,20,1,5,2024-02-29 14:41:27,COMPLETED
1942,46,14,1,2024-12-12 16:27:08,COMPLETED
1943,56,29,1,2024-11-20 20:45:20,COMPLETED
1944,134,7,7,2024-09-25 02:29:51,COMPLETED
1945,14,39,1,2024-01-19 21:35:16,COMPLETED
1946,197,13,4,2024-05-25 11:56:30,CANCELLED
1947,52,6,1,2024-06-12 18:22:04,COMPLETED
1948,4,22,4,2024-09-21 01:40:55,COMPLETED
1949,57,7,3,2024-10-08 04:16:34,COMPLETED
1950,107,33,2,2024-11-12 18:10:11,COMPLETED
1951,144,13,10,2024-03-21 10:29:30,CANCELLED
1952,102,28,2,2024-03-31 06:12:03,COMPLETED
1953,92,21,3,2024-01-06 19:45:34,COMPLETED
1954,81,1,7,2024-03-23 15:08:27,COMPLETED
1955,17,18,10,2024-05-23 07:08:33,COMPLETED
1956,56,27,5,2024-10-25 02:02:20,COMPLETED
1957,27,35,10,2024-03-07 14:06:53,COMPLETED
1958,25,39,6,2024-09-02 00:10:16,COMPLETED
1959,174,9,6,2024-03-09 02:12:13,COMPLETED
1960,177,21,8,2024-01-27 05:16:16,COMPLETED
1961,156,38,8,2024-05-28 11:57:35,COMPLETED
1962,190,15,9,2024-08-16 03:36:13,COMPLETED
1963,4,15,1,2024-08-27 08:47:09,COMPLETED
1964,32,20,4,2024-10-13 13:51:01,COMPLETED
1965,63,40,2,2024-01-24 06:31:22,COMPLETED
1966,128,19,4,2024-02-28 21:40:20,COMPLETED
1967,165,3,4,2024-12-24 14:47:49,COMPLETED
1968,114,22,3,2024-04-18 00:19:34,COMPLETED
1969,195,3,9,2024-11-03 11:55:20,CANCELLED
1970,166,19,1,2024-03-29 22:31:41,COMPLETED
1971,85,22,4,2024-03-20 22:21:27,COMPLETED
1972,171,16,4,2024-08-24 03:33:35,COMPLETED
1973,134,21,3,2024-06-20 19:06:08,COMPLETED
1974,17,32,2,2024-03-15 17:54:28,COMPLETED
1975,37,14,3,2024-02-05 15:15:34,COMPLETED
1976,141,14,4,2024-07-16 01:32:22,COMPLETED
1977,186,30,5,2024-03-04 18:04:15,COMPLETED
1978,63,28,3,2024-08-23 06:56:34,COMPLETED
1979,74,37,8,2024-09-03 20:15:23,COMPLETED
1980,124,6,6,2024-06-03 15:54:27,COMPLETED
1981,121,29,7,2024-07-15 05:40:04,COMPLETED
1982,111,10,8,2024-01-08 16:39:09,COMPLETED
1983,110,6,5,2024-08-19 03:30:39,COMPLETED
1984,142,12,5,2024-05-27 18:03:11,COMPLETED
1985,117,19,7,2024-08-06 07:32:38,COMPLETED
1985,117,19,7,2024-08-06 07:32:38,COMPLETED
1986,19,22,3,2024-10-04 15:00:34,COMPLETED
1987,40,13,1,2024-01-05 23:37:26,COMPLETED
1988,187,24,8,2024-06-06 02:43:41,CANCELLED
1989,102,24,7,2024-07-09 02:56:49,COMPLETED
1990,151,5,7,2024-12-09 16:47:38,COMPLETED
1991,32,25,10,2024-03-04 01:19:37,COMPLETED
1992,112,17,6,2024-07-16 21:53:39,COMPLETED
1993,163,24,1,2024-09-09 18:53:12,COMPLETED
1994,109,16,4,2024-07-04 12:43:29,COMPLETED
1995,93,2,3,2024-04-11 11:46:43,COMPLETED
1996,175,10,5,2024-04-06 02:04:23,COMPLETED
1997,170,11,1,2024-02-15 08:00:30,COMPLETED
1998,165,25,7,2024-10-01 05:02:50,COMPLETED
1999,21,34,4,2024-12-06 04:58:09,COMPLETED
2000,110,17,5,2024-07-13 10:21:59,CANCELLED
2001,169,25,10,2024-04-29 14:34:15,COMPLETED
2002,193,6,2,2024-09-04 01:37:46,COMPLETED
2003,89,10,5,2024-10-17 18:40:12,COMPLETED
2004,192,26,5,2024-01-03 11:50:29,CANCELLED
2005,126,1,2,2024-01-28 02:58:11,COMPLETED
2006,107,34,7,2024-09-11 04:34:46,COMPLETED
2007,111,11,3,2024-05-25 12:00:14,COMPLETED
2008,35,13,8,2024-03-11 16:13:00,COMPLETED
2009,29,29,10,2024-11-12 06:28:58,COMPLETED
2010,52,4,3,2024-11-10 06:05:29,COMPLETED
2011,67,27,8,2024-08-31 10:32:52,CANCELLED
2012,28,11,2,2024-04-23 20:07:42,COMPLETED
2013,32,18,2,2024-05-12 21:05:13,COMPLETED
2014,61,31,8,2024-09-18 06:59:35,COMPLETED
2015,3,4,5,2024-10-18 23:16:18,CANCELLED
2016,171,38,1,2024-02-07 14:37:53,COMPLETED
2017,2,25,10,2024-07-20 23:26:31,CANCELLED
2018,195,18,8,2024-07-02 18:50:23,COMPLETED
2019,155,28,6,2024-05-23 23:58:04,COMPLETED
2020,88,21,4,2024-05-20 06:43:37,COMPLETED
2021,97,40,1,2024-05-18 06:25:58,COMPLETED
2022,26,1,8,2024-12-04 02:02:05,COMPLETED
2023,186,9,1,2024-08-21 18:12:00,COMPLETED
2024,136,18,4,2024-05-23 02:00:55,COMPLETED
2025,176,31,9,2024-06-09 10:37:08,COMPLETED
2026,1,21,1,2024-09-03 03:13:57,COMPLETED
2027,12,21,8,2024-03-31 16:55:27,COMPLETED
2028,103,40,2,2024-05-15 06:42:28,COMPLETED
2029,122,7,7,2024-04-24 03:00:05,COMPLETED
2030,183,10,9,2024-12-06 07:05:34,COMPLETED
2031,184,33,1,2024-02-19 15:45:15,COMPLETED
2032,23,20,9,2024-12-05 17:35:39,COMPLETED
2033,115,8,8,2024-09-14 08:16:19,COMPLETED
2034,63,14,3,2024-10-19 12:49:20,CANCELLED
2035,180,6,2,2024-06-17 21:30:01,CANCELLED
2036,8,11,6,2024-12-16 13:17:38,COMPLETED
2037,72,15,5,2024-09-15 14:56:32,COMPLETED
2038,172,8,3,2024-12-24 08:31:28,COMPLETED
2039,186,32,2,2024-11-04 22:58:28,COMPLETED
2040,58,37,10,2024-01-26 02:44:25,COMPLETED
2041,97,25,9,2024-11-28 11:48:45,COMPLETED
2042,60,15,5,2024-02-14 22:18:31,COMPLETED
2043,29,6,6,2024-10-14 14:43:02,COMPLETED
2044,49,8,10,2024-05-22 19:33:27,COMPLETED
2045,81,25,10,2024-10-13 04:34:21,COMPLETED
2046,16,38,9,2024-03-14 17:36:06,COMPLETED
2047,109,21,6,2024-11-05 17:24:28,COMPLETED
2048,33,34,10,2024-08-17 10:25:52,COMPLETED
2049,102,1,9,2024-11-27 00:35:23,COMPLETED
2050,38,19,4,2024-07-13 02:46:41,COMPLETED
2051,38,39,5,2024-02-26 15:36:48,COMPLETED
2052,180,3,10,2024-05-04 07:54:54,COMPLETED
2053,177,8,5,2024-11-25 04:51:00,COMPLETED
2054,123,14,8,2024-04-23 04:55:52,COMPLETED
2055,97,4,6,2024-02-29 07:17:16,COMPLETED
2056,54,15,1,2024-12-24 12:27:17,COMPLETED
2057,46,32,7,2024-04-26 03:49:50,CANCELLED
2058,169,11,1,2024-07-31 19:11:53,COMPLETED
2059,109,31,6,2024-10-21 06:24:29,COMPLETED
2060,19,34,5,2024-04-19 15:49:26,COMPLETED
2061,50,36,7,2024-02-07 19:05:02,COMPLETED
2062,193,38,1,2024-11-26 00:48:02,CANCELLED
2063,78,30,3,2024-08-12 03:29:49,COMPLETED
2064,179,31,5,2024-12-14 10:40:43,COMPLETED
2065,56,13,1,2024-05-20 16:11:20,COMPLETED
2066,148,7,3,2024-05-26 05:45:15,CANCELLED
2067,110,11,1,2024-02-07 07:13:47,COMPLETED
2068,122,12,1,2024-02-15 13:45:06,CANCELLED
2069,167,22,10,2024-06-17 11:30:31,CANCELLED
2070,161,26,4,2024-01-14 04:50:10,COMPLETED
2071,102,32,5,2024-09-24 04:28:35,COMPLETED
2072,45,25,2,2024-10-29 00:58:35,COMPLETED
2073,167,25,5,2024-09-02 13:46:31,COMPLETED
2074,95,1,2,2024-02-15 07:02:54,COMPLETED
2075,126,33,4,2024-01-09 22:37:29,COMPLETED
2076,147,31,5,2024-09-26 09:59:36,COMPLETED
2077,152,12,7,2024-07-07 00:59:29,CANCELLED
2078,180,28,5,2024-08-09 22:02:57,COMPLETED
2079,84,5,9,2024-03-12 19:17:53,COMPLETED
2080,180,2,7,2024-08-03 22:51:22,COMPLETED
2081,136,32,2,2024-07-20 12:30:32,COMPLETED
2082,138,8,4,2024-09-12 18:25:57,COMPLETED
2083,47,39,3,2024-01-03 01:37:23,COMPLETED
2084,81,8,1,2024-02-20 00:39:07,COMPLETED
2085,168,11,2,2024-08-06 10:50:40,COMPLETED
2086,193,3,2,2024-02-18 10:26:52,COMPLETED
2087,94,35,3,2024-06-13 07:07:26,CANCELLED
2088,169,1,4,2024-04-26 17:47:41,COMPLETED
2089,133,19,9,2024-06-21 18:57:27,COMPLETED
2090,126,21,9,2024-12-19 17:06:51,CANCELLED
2091,91,39,9,2024-07-17 07:02:49,COMPLETED
2092,26,3,4,2024-01-15 06:23:06,COMPLETED
2093,77,14,3,2024-08-21 20:23:32,COMPLETED
2094,152,23,5,2024-02-19 21:37:59,COMPLETED
2095,109,5,9,2024-04-09 00:28:05,COMPLETED
2096,167,11,7,2024-06-26 02:51:34,COMPLETED
2097,66,28,3,2024-07-27 02:59:25,COMPLETED
2098,162,18,4,2024-10-04 11:06:35,COMPLETED
2099,169,33,10,2024-03-04 16:59:32,COMPLETED
2100,40,21,7,2024-05-27 03:59:40,COMPLETED
2101,155,16,2,2024-04-14 21:44:58,COMPLETED
2102,29,36,7,2024-01-26 14:47:08,COMPLETED
2103,23,24,6,2024-10-29 04:08:48,COMPLETED
2104,58,18,1,2024-02-08 00:55:51,COMPLETED
2105,57,25,2,2024-10-30 23:36:21,CANCELLED
2106,45,34,5,2024-08-16 16:15:57,COMPLETED
2107,126,7,9,2024-05-15 11:59:08,COMPLETED
2108,73,36,5,2024-08-23 22:00:08,COMPLETED
2109,13,11,6,2024-10-18 23:57:48,COMPLETED
2110,89,35,9,2024-08-18 22:13:54,COMPLETED
2111,104,31,10,2024-02-19 13:03:32,COMPLETED
2112,176,33,3,2024-09-12 08:55:50,COMPLETED
2113,97,37,5,2024-01-21 12:44:02,CANCELLED
2114,164,24,4,2024-09-20 09:25:26,COMPLETED
2115,181,30,3,2024-06-19 11:24:13,CANCELLED
2116,120,33,5,2024-04-17 02:51:23,CANCELLED
2117,134,15,5,2024-09-03 20:32:59,COMPLETED
2118,79,27,6,2024-11-24 06:15:36,COMPLETED
2119,21,5,4,2024-02-06 08:43:42,COMPLETED
2119,21,5,4,2024-02-06 08:43:42,COMPLETED
2120,15,6,5,2024-08-03 05:08:36,CANCELLED
2121,3,28,9,2024-12-28 02:59:02,COMPLETED
2122,123,32,9,2024-09-23 01:47:54,CANCELLED
2123,137,8,7,2024-01-06 09:33:35,COMPLETED
2124,191,1,7,2024-09-29 20:37:45,COMPLETED
2125,89,16,9,2024-09-22 16:04:12,COMPLETED
2126,156,29,3,2024-09-18 23:00:08,CANCELLED
2127,196,34,4,2024-03-08 21:23:11,COMPLETED
2128,35,33,6,2024-01-20 18:29:00,COMPLETED
2129,98,11,6,2024-02-13 23:24:46,COMPLETED
2130,174,16,9,2024-11-26 09:49:00,COMPLETED
2131,31,19,5,2024-07-06 15:02:54,COMPLETED
2132,55,1,10,2024-06-01 20:49:05,COMPLETED
2133,79,33,1,2024-12-29 06:41:38,COMPLETED
2134,159,32,1,2024-05-18 03:46:30,COMPLETED
2135,118,22,5,2024-05-17 10:31:10,COMPLETED
2136,90,12,7,2024-05-17 16:28:50,COMPLETED
2137,111,32,4,2024-02-02 21:52:09,COMPLETED
2138,40,27,2,2024-12-20 14:47:37,COMPLETED
2139,40,17,4,2024-07-01 19:13:46,COMPLETED
2140,77,24,7,2024-12-12 11:50:42,COMPLETED
2141,69,7,8,2024-09-11 20:58:10,COMPLETED
2142,42,9,6,2024-10-17 03:23:37,COMPLETED
2143,92,13,2,2024-03-14 14:53:35,COMPLETED
2144,35,26,7,2024-10-15 21:52:26,COMPLETED
2145,9,11,4,2024-07-05 03:21:10,CANCELLED
2146,69,8,7,2024-07-08 22:26:33,COMPLETED
2147,175,9,6,2024-10-18 16:39:55,COMPLETED
2148,103,33,7,2024-02-21 00:54:05,COMPLETED
2149,28,2,3,2024-03-01 09:45:23,COMPLETED
2150,4,16,1,2024-09-20 10:18:37,COMPLETED
2151,110,39,1,2024-06-17 16:14:06,COMPLETED
2152,73,32,2,2024-10-22 12:06:03,COMPLETED
2153,159,10,9,2024-03-13 13:39:49,COMPLETED
2154,197,8,5,2024-09-29 05:22:52,COMPLETED
2155,110,13,8,2024-10-01 08:41:34,COMPLETED
2156,27,33,10,2024-03-11 08:47:48,COMPLETED
2157,152,10,4,2024-02-16 18:46:46,COMPLETED
2158,10,18,4,2024-12-26 19:49:26,COMPLETED
2159,5,40,4,2024-02-05 07:34:46,COMPLETED
2160,98,27,9,2024-04-29 00:16:59,COMPLETED
2161,60,15,6,2024-06-14 11:18:53,COMPLETED
2162,131,28,1,2024-04-28 04:11:17,COMPLETED
2163,94,18,6,2024-10-03 08:27:30,COMPLETED
2164,82,4,3,2024-01-16 21:06:51,COMPLETED
2165,170,21,4,2024-04-20 19:20:48,COMPLETED
2166,156,7,7,2024-03-12 18:50:01,COMPLETED
2167,126,24,6,2024-04-28 04:48:36,COMPLETED
2167,126,24,6,2024-04-28 04:48:36,COMPLETED
2168,172,1,9,2024-10-26 05:14:29,COMPLETED
2169,85,24,6,2024-10-15 12:37:41,COMPLETED
2170,136,39,6,2024-04-02 12:40:17,COMPLETED
2171,54,38,7,2024-02-03 21:03:12,COMPLETED
2172,34,39,2,2024-01-16 22:30:38,COMPLETED
2173,168,13,4,2024-09-30 15:54:27,COMPLETED
2174,26,5,9,2024-08-28 09:35:41,COMPLETED
2175,186,31,4,2024-07-26 05:07:00,COMPLETED
2176,12,9,4,2024-06-11 10:01:24,COMPLETED
2177,65,36,6,2024-12-13 13:11:38,COMPLETED
2178,162,8,7,2024-01-27 07:05:20,COMPLETED
2179,135,33,1,2024-03-05 19:56:53,COMPLETED
2180,179,9,5,2024-01-18 15:34:48,CANCELLED
2181,16,13,7,2024-07-11 05:58:32,COMPLETED
2182,132,5,3,2024-06-19 00:04:42,COMPLETED
2183,99,36,7,2024-06-04 16:10:59,COMPLETED
2184,53,12,1,2024-03-03 03:20:11,COMPLETED
2185,152,1,9,2024-06-25 21:01:03,COMPLETED
2186,185,34,5,2024-04-27 19:59:15,COMPLETED
2187,76,18,9,2024-02-16 06:07:26,COMPLETED
2188,12,35,4,2024-04-23 08:10:36,COMPLETED
2189,38,18,3,2024-04-15 00:38:07,COMPLETED
2190,14,16,4,2024-07-26 14:47:09,COMPLETED
2191,167,23,10,2024-05-23 08:21:21,COMPLETED
2192,181,36,5,2024-10-07 10:16:10,COMPLETED
2193,157,19,6,2024-01-23 05:44:01,COMPLETED
2194,3,23,4,2024-10-10 16:32:09,CANCELLED
2195,46,17,1,2024-07-27 16:49:32,COMPLETED
2196,200,38,2,2024-10-07 15:08:26,COMPLETED
2197,98,17,10,2024-08-01 22:33:11,COMPLETED
2198,114,15,6,2024-04-14 09:20:13,COMPLETED
2199,162,26,3,2024-06-22 05:32:32,COMPLETED
2200,186,28,6,2024-02-27 14:34:29,CANCELLED
2201,24,32,3,2024-06-27 09:49:34,COMPLETED
2202,46,13,10,2024-07-09 11:57:45,CANCELLED
2203,47,19,1,2024-04-30 10:54:10,COMPLETED
2204,46,26,10,2024-03-13 22:52:13,COMPLETED
2205,19,28,4,2024-06-25 17:07:57,CANCELLED
2206,104,7,9,2024-02-23 07:38:51,COMPLETED
2207,4,39,2,2024-05-26 18:03:05,COMPLETED
2208,29,1,1,2024-02-21 07:59:52,COMPLETED
2209,22,18,3,2024-12-30 12:22:15,COMPLETED
2210,4,1,2,2024-07-29 15:15:22,COMPLETED
2211,87,6,4,2024-02-24 01:43:06,COMPLETED
2212,145,29,3,2024-04-29 09:02:08,COMPLETED
2213,40,16,1,2024-07-30 02:02:00,COMPLETED
2214,161,35,2,2024-01-09 05:40:19,COMPLETED
2215,27,35,5,2024-02-09 19:59:06,COMPLETED
2216,107,10,1,2024-12-20 06:00:44,COMPLETED
2217,59,28,7,2024-02-27 05:38:55,COMPLETED
2218,74,15,7,2024-09-23 17:07:32,COMPLETED
2219,29,32,3,2024-02-12 18:32:19,COMPLETED
2220,73,23,2,2024-08-27 02:42:35,COMPLETED
2221,93,6,1,2024-08-22 18:24:28,COMPLETED
2222,110,34,6,2024-08-20 20:47:02,COMPLETED
2223,109,10,5,2024-08-30 15:10:08,COMPLETED
2224,90,7,5,2024-12-21 19:55:23,COMPLETED
2225,95,17,2,2024-11-02 08:40:19,COMPLETED
2226,39,10,6,2024-02-27 09:24:40,COMPLETED
2227,185,31,2,2024-02-13 22:45:54,COMPLETED
2228,187,18,3,2024-02-05 03:01:38,COMPLETED
2229,33,12,7,2024-05-16 22:33:06,COMPLETED
2230,109,31,7,2024-08-21 16:39:08,COMPLETED
2231,86,9,4,2024-05-28 19:32:42,COMPLETED
2232,128,35,9,2024-07-10 07:22:40,COMPLETED
2233,59,25,2,2024-08-13 14:58:34,COMPLETED
2234,135,37,4,2024-09-30 01:18:16,COMPLETED
2235,93,1,4,2024-11-26 08:07:15,COMPLETED
2236,143,31,3,2024-12-23 15:26:54,COMPLETED
2237,90,24,3,2024-04-24 10:46:40,COMPLETED
2238,142,27,4,2024-03-22 20:12:52,COMPLETED
2239,15,9,2,2024-09-27 05:08:47,COMPLETED
2240,97,2,7,2024-05-24 08:20:53,COMPLETED
2241,28,38,2,2024-07-04 04:20:44,COMPLETED
2242,41,2,3,2024-05-21 20:19:22,COMPLETED
2243,63,5,1,2024-08-09 01:10:17,COMPLETED
2244,107,10,3,2024-07-01 10:31:28,COMPLETED
2245,192,34,5,2024-07-01 14:26:13,COMPLETED
2246,87,29,1,2024-04-21 08:52:53,COMPLETED
2247,16,3,10,2024-10-18 17:03:58,COMPLETED
2248,42,1,7,2024-11-19 09:08:27,COMPLETED
2249,117,36,5,2024-12-22 23:06:03,COMPLETED
2250,79,15,7,2024-12-27 17:44:43,COMPLETED
2251,24,34,7,2024-02-18 14:19:38,COMPLETED
2252,103,40,1,2024-03-26 00:21:20,COMPLETED
2253,191,36,10,2024-11-22 21:20:01,COMPLETED
2254,178,30,8,2024-05-01 15:08:21,COMPLETED
2255,104,25,3,2024-01-22 05:34:36,COMPLETED
2256,166,28,4,2024-04-14 19:49:57,COMPLETED
2257,20,24,10,2024-10-29 10:54:59,COMPLETED
2258,8,16,5,2024-03-04 05:02:12,COMPLETED
2259,17,14,10,2024-01-05 06:18:47,COMPLETED
2260,80,13,9,2024-03-19 08:13:18,COMPLETED
2261,9,16,5,2024-02-03 00:37:27,CANCELLED
2262,145,3,10,2024-11-02 21:26:14,COMPLETED
2263,13,21,2,2024-04-29 20:24:20,COMPLETED
2264,92,19,7,2024-07-13 06:21:06,COMPLETED
2265,193,26,6,2024-02-20 07:11:05,COMPLETED
2266,25,22,7,2024-12-14 04:05:23,COMPLETED
2267,26,33,3,2024-01-10 04:45:47,COMPLETED
2268,98,31,10,2024-12-03 09:55:04,COMPLETED
2269,75,11,3,2024-09-22 00:11:11,COMPLETED
2270,161,6,4,2024-12-09 11:13:29,COMPLETED
2271,175,10,3,2024-07-13 19:26:11,COMPLETED
2272,187,39,9,2024-12-27 06:20:45,COMPLETED
2273,115,9,6,2024-04-22 22:50:24,COMPLETED
2274,111,3,7,2024-04-02 20:40:21,COMPLETED
2275,157,39,2,2024-02-29 04:29:02,COMPLETED
2276,128,7,1,2024-02-25 09:20:17,COMPLETED
2277,80,36,2,2024-07-12 18:11:57,COMPLETED
2278,81,11,5,2024-03-03 17:01:57,COMPLETED
2279,148,24,6,2024-02-04 15:40:36,COMPLETED
2280,182,30,5,2024-07-02 19:06:42,CANCELLED
2281,196,29,3,2024-12-30 23:50:44,COMPLETED
2282,146,32,1,2024-05-21 03:48:20,COMPLETED
2283,103,27,10,2024-12-22 04:21:55,COMPLETED
2284,113,24,9,2024-11-24 02:26:20,COMPLETED
2285,81,24,2,2024-09-21 22:34:23,COMPLETED
2286,116,17,1,2024-08-29 00:32:20,CANCELLED
2287,15,16,9,2024-01-04 02:02:01,COMPLETED
2288,27,19,7,2024-03-02 10:35:05,COMPLETED
2289,19,15,7,2024-12-05 11:45:04,COMPLETED
2290,24,23,8,2024-06-30 22:37:52,COMPLETED
2291,120,7,2,2024-03-11 00:16:10,COMPLETED
2292,102,28,4,2024-06-04 22:26:31,COMPLETED
2293,82,22,10,2024-07-07 20:35:53,COMPLETED
2294,190,31,2,2024-04-18 02:38:37,COMPLETED
2295,140,10,8,2024-02-26 12:17:12,COMPLETED
2296,82,37,1,2024-08-21 10:26:51,COMPLETED
2297,16,24,7,2024-07-02 20:29:51,COMPLETED
2298,55,2,7,2024-04-14 19:10:00,COMPLETED
2299,46,6,3,2024-01-27 21:32:28,COMPLETED
2300,21,20,8,2024-12-04 09:00:11,COMPLETED
2301,55,17,3,2024-11-18 13:16:43,COMPLETED
2302,110,22,5,2024-03-04 21:33:40,COMPLETED
2303,108,31,8,2024-07-26 23:16:49,COMPLETED
2304,42,28,6,2024-12-20 10:01:41,COMPLETED
2305,100,1,9,2024-10-31 02:45:48,COMPLETED
2306,51,5,10,2024-08-27 10:18:42,COMPLETED
2307,171,21,1,2024-02-28 10:49:12,COMPLETED
2308,38,32,6,2024-02-14 02:53:34,COMPLETED
2309,173,27,5,2024-07-21 05:11:54,COMPLETED
2310,116,9,8,2024-09-05 03:07:56,CANCELLED
2311,25,3,4,2024-10-16 14:29:52,CANCELLED
2312,108,35,3,2024-08-21 09:11:53,COMPLETED
2313,90,14,4,2024-09-20 22:35:39,COMPLETED
2314,4,24,6,2024-01-07 06:54:48,COMPLETED
2315,79,33,2,2024-09-28 14:06:29,COMPLETED
2316,117,27,7,2024-05-16 14:21:06,COMPLETED
2317,139,28,9,2024-10-24 03:04:23,COMPLETED
2318,46,30,7,2024-05-24 21:44:39,COMPLETED
2319,153,11,9,2024-06-18 06:39:37,COMPLETED
2320,169,28,5,2024-09-29 15:58:39,COMPLETED
2321,26,6,2,2024-02-04 19:29:10,COMPLETED
2322,158,27,2,2024-07-11 18:49:45,COMPLETED
2323,160,35,2,2024-09-03 00:52:56,COMPLETED
2324,149,3,5,2024-11-26 18:28:06,COMPLETED
2325,58,30,9,2024-05-27 23:55:17,COMPLETED
2326,121,8,6,2024-11-04 06:17:51,CANCELLED
2327,106,26,1,2024-12-30 21:51:48,COMPLETED
2328,58,33,5,2024-04-13 22:17:52,COMPLETED
2329,68,20,7,2024-09-18 11:37:06,COMPLETED
2330,107,3,1,2024-01-11 04:38:17,COMPLETED
2331,96,34,10,2024-05-03 07:02:37,COMPLETED
2332,147,28,4,2024-08-03 19:52:05,CANCELLED
2333,50,40,7,2024-11-17 18:38:41,COMPLETED
2334,148,28,3,2024-12-30 19:45:55,COMPLETED
2335,187,12,7,2024-12-17 03:29:16,COMPLETED
2336,41,28,4,2024-02-08 16:08:00,COMPLETED
2337,33,33,2,2024-09-02 05:27:26,COMPLETED
2338,101,17,9,2024-03-02 18:28:58,CANCELLED
2339,53,6,2,2024-01-10 22:59:03,COMPLETED
2340,161,38,3,2024-01-11 19:17:08,COMPLETED
2341,140,6,10,2024-05-28 12:16:17,COMPLETED
2342,188,9,8,2024-09-03 09:37:30,COMPLETED
2343,92,12,4,2024-09-10 09:57:09,COMPLETED
2344,77,13,9,2024-11-22 09:37:30,COMPLETED
2345,200,25,5,2024-09-13 00:43:37,COMPLETED
2346,22,10,1,2024-09-04 22:11:38,CANCELLED
2347,27,8,8,2024-12-26 02:07:16,COMPLETED
2348,28,10,5,2024-04-11 17:58:02,COMPLETED
2349,24,5,8,2024-11-24 00:27:45,COMPLETED
2350,54,26,2,2024-07-09 16:47:46,COMPLETED
2351,106,5,8,2024-08-30 23:47:09,COMPLETED
2352,176,27,7,2024-12-11 12:43:51,COMPLETED
2353,116,11,3,2024-04-26 00:35:53,COMPLETED
2354,46,37,10,2024-11-27 23:23:48,COMPLETED
2355,88,23,8,2024-08-26 10:56:28,COMPLETED
2356,2,11,9,2024-10-15 01:06:55,COMPLETED
2357,32,13,10,2024-01-12 11:28:29,COMPLETED
2358,133,33,3,2024-03-25 00:07:22,COMPLETED
2359,30,14,1,2024-05-07 04:53:29,COMPLETED
2360,22,9,5,2024-04-16 06:45:23,COMPLETED
2361,24,23,9,2024-09-10 04:22:37,COMPLETED
2362,191,32,7,2024-07-18 02:18:19,CANCELLED
2363,50,17,3,2024-03-17 20:20:31,COMPLETED
2364,184,18,7,2024-02-09 23:02:49,COMPLETED
2365,197,38,5,2024-03-05 07:59:56,COMPLETED
2366,185,32,7,2024-12-08 20:49:36,COMPLETED
2367,153,18,6,2024-08-29 21:57:03,COMPLETED
2368,99,28,4,2024-08-08 06:08:48,COMPLETED
2369,162,5,8,2024-03-05 22:52:26,COMPLETED
2370,131,17,10,2024-06-08 03:41:23,COMPLETED
2371,166,34,6,2024-06-03 16:29:14,COMPLETED
2372,47,21,7,2024-11-03 03:41:18,COMPLETED
2373,63,5,4,2024-09-12 03:15:38,COMPLETED
2374,38,21,2,2024-01-04 17:47:09,COMPLETED
2375,3,22,4,2024-06-29 17:37:28,COMPLETED
2376,83,15,9,2024-01-26 17:21:22,COMPLETED
2377,155,14,9,2024-03-25 10:54:21,COMPLETED
2378,72,39,2,2024-08-10 21:35:12,COMPLETED
2379,108,28,6,2024-11-11 21:23:09,COMPLETED
2380,51,4,8,2024-07-12 15:45:50,COMPLETED
2381,71,27,2,2024-02-18 04:37:39,COMPLETED
2382,154,21,10,2024-05-28 16:29:26,COMPLETED
2383,6,19,1,2024-09-06 23:24:27,COMPLETED
2384,148,1,8,2024-04-20 10:28:53,COMPLETED
2385,104,3,9,2024-12-22 12:42:05,COMPLETED
2386,87,2,2,2024-07-01 11:43:24,COMPLETED
2387,107,20,5,2024-05-03 04:25:18,COMPLETED
2388,103,6,9,2024-10-27 19:55:13,COMPLETED
2389,157,4,7,2024-04-25 21:41:52,COMPLETED
2390,117,32,2,2024-11-23 10:02:04,COMPLETED
2391,159,7,1,2024-03-27 23:57:54,COMPLETED
2392,3,9,2,2024-05-05 09:15:51,COMPLETED
2393,186,28,4,2024-03-07 02:17:57,COMPLETED
2394,186,24,9,2024-01-02 22:03:24,CANCELLED
2395,14,17,1,2024-02-13 00:45:51,COMPLETED
2396,78,5,5,2024-05-07 21:34:06,COMPLETED
2397,98,18,3,2024-12-25 04:18:18,COMPLETED
2398,118,8,3,2024-05-04 00:23:46,COMPLETED
2399,193,38,7,2024-09-04 08:22:20,COMPLETED
2400,32,34,9,2024-04-03 09:50:27,COMPLETED
2401,170,32,5,2024-05-05 00:25:52,COMPLETED
2402,124,15,2,2024-04-12 10:54:22,COMPLETED
2403,183,6,6,2024-08-04 21:44:21,COMPLETED
2404,63,14,2,2024-01-30 04:23:47,CANCELLED
2405,16,14,1,2024-09-17 09:30:11,COMPLETED
2406,99,13,8,2024-02-10 14:20:03,COMPLETED
2407,152,34,9,2024-11-29 09:24:58,COMPLETED
2408,80,30,3,2024-11-25 06:08:01,COMPLETED
2409,34,15,6,2024-05-29 17:49:35,CANCELLED
2410,159,33,4,2024-10-29 22:19:23,COMPLETED
2411,18,18,7,2024-03-04 18:25:14,COMPLETED
2412,148,7,3,2024-06-28 00:24:13,COMPLETED
2413,191,8,4,2024-01-07 10:36:38,COMPLETED
2414,48,18,1,2024-07-03 22:52:56,COMPLETED
2415,116,23,5,2024-02-15 22:52:48,CANCELLED
2416,22,23,7,2024-03-23 08:35:55,COMPLETED
2417,129,28,9,2024-05-09 14:40:39,COMPLETED
2418,70,24,2,2024-01-20 01:57:56,COMPLETED
2419,188,28,4,2024-04-24 04:20:00,COMPLETED
2420,46,39,5,2024-07-24 15:52:57,COMPLETED
2421,133,28,2,2024-09-21 12:52:34,COMPLETED
2422,64,8,4,2024-02-14 17:37:44,COMPLETED
2423,10,37,5,2024-04-02 17:28:15,COMPLETED
2424,26,18,4,2024-12-08 18:25:51,COMPLETED
2425,184,26,7,2024-06-01 13:57:27,COMPLETED
2426,188,18,8,2024-03-20 21:18:47,COMPLETED
2427,53,23,5,2024-10-01 03:01:48,COMPLETED
2428,188,1,2,2024-03-12 21:03:34,COMPLETED
2429,180,40,8,2024-10-14 00:49:30,COMPLETED
2430,177,16,3,2024-05-02 09:03:40,COMPLETED
2431,43,12,6,2024-12-15 11:23:20,COMPLETED
2432,4,31,7,2024-05-09 17:36:37,COMPLETED
2433,68,5,3,2024-09-20 18:37:48,COMPLETED
2434,3,39,6,2024-07-03 00:25:01,COMPLETED
2435,126,16,8,2024-02-12 11:33:05,COMPLETED
2436,5,37,5,2024-11-20 10:06:37,COMPLETED
2437,129,11,3,2024-10-28 01:54:53,COMPLETED
2438,78,22,8,2024-07-09 13:17:59,COMPLETED
2439,140,17,8,2024-04-08 11:08:04,COMPLETED
2440,4,23,5,2024-10-02 19:08:39,COMPLETED
2441,133,39,8,2024-02-13 19:00:33,COMPLETED
2442,133,2,3,2024-06-08 08:26:59,COMPLETED
2443,169,10,6,2024-07-12 08:07:57,COMPLETED
2444,148,28,6,2024-03-21 02:55:31,COMPLETED
2445,50,25,2,2024-04-16 09:09:20,COMPLETED
2446,174,35,8,2024-12-06 05:46:37,COMPLETED
2447,68,23,6,2024-05-31 20:37:42,COMPLETED
2448,71,20,4,2024-01-16 23:04:46,COMPLETED
2449,180,22,10,2024-02-17 18:04:55,COMPLETED
2450,117,37,6,2024-04-22 00:09:44,COMPLETED
2451,3,32,3,2024-06-30 02:23:37,COMPLETED
2452,134,19,10,2024-08-04 18:14:59,COMPLETED
2453,78,32,5,2024-01-26 02:16:09,COMPLETED
2454,4,30,1,2024-03-25 09:37:07,COMPLETED
2455,152,8,1,2024-07-08 15:54:18,COMPLETED
2456,111,23,1,2024-01-20 09:07:14,COMPLETED
2457,90,19,9,2024-09-15 09:17:15,CANCELLED
2457,90,19,9,2024-09-15 09:17:15,CANCELLED
2458,144,10,2,2024-10-03 23:28:43,COMPLETED
2459,188,13,7,2024-08-15 06:41:26,CANCELLED
2460,75,15,1,2024-07-02 18:20:11,CANCELLED
2461,64,25,7,2024-06-04 00:00:30,CANCELLED
2462,26,17,5,2024-08-19 20:48:17,COMPLETED
2463,145,28,6,2024-11-08 09:22:02,COMPLETED
2464,175,13,5,2024-02-22 16:43:46,COMPLETED
2465,52,20,5,2024-02-03 05:49:49,COMPLETED
2466,161,30,9,2024-03-12 05:09:09,COMPLETED
2467,112,7,3,2024-07-23 12:00:04,COMPLETED
2468,81,33,6,2024-06-30 21:36:27,COMPLETED
2469,120,27,7,2024-06-28 03:28:42,COMPLETED
2470,144,2,7,2024-02-04 08:13:04,COMPLETED
2471,158,20,4,2024-08-13 08:59:49,COMPLETED
2472,33,40,9,2024-12-15 11:47:29,COMPLETED
2473,76,4,7,2024-02-18 21:48:25,COMPLETED
2474,2,30,9,2024-06-27 17:34:05,COMPLETED
2475,22,4,5,2024-11-18 07:10:31,CANCELLED
2476,28,22,10,2024-02-07 19:49:30,COMPLETED
2477,145,31,6,2024-12-01 15:59:29,COMPLETED
2478,190,38,9,2024-10-14 03:21:59,COMPLETED
2479,180,14,9,2024-02-25 23:35:35,COMPLETED
2480,127,9,4,2024-12-13 14:29:32,COMPLETED
2481,40,20,5,2024-10-06 06:53:22,CANCELLED
2482,2,32,10,2024-09-24 02:31:29,COMPLETED
2483,18,1,3,2024-08-22 11:44:12,COMPLETED
2484,134,7,4,2024-03-20 08:09:17,COMPLETED
2485,7,33,8,2024-05-31 17:43:02,COMPLETED
2486,32,20,7,2024-07-06 20:35:33,CANCELLED
2487,61,35,5,2024-11-15 02:40:22,COMPLETED
2488,113,40,2,2024-06-16 21:49:42,COMPLETED
2489,6,12,3,2024-11-13 21:26:23,COMPLETED
2490,62,11,9,2024-10-15 00:48:58,COMPLETED
2491,52,31,8,2024-04-22 15:19:59,COMPLETED
2492,26,38,8,2024-05-22 15:51:05,COMPLETED
2493,101,25,2,2024-06-29 04:27:18,COMPLETED
2494,109,10,1,2024-04-20 01:41:11,COMPLETED
2495,145,25,1,2024-08-13 11:00:25,COMPLETED
2496,166,40,8,2024-01-17 13:21:25,CANCELLED
2497,91,9,8,2024-12-08 16:47:22,COMPLETED
2498,71,1,3,2024-05-18 22:26:59,COMPLETED
2499,129,14,6,2024-12-16 12:22:50,COMPLETED
2500,100,33,2,2024-03-08 18:25:43,COMPLETED
2501,91,37,6,2024-06-27 10:40:48,COMPLETED
2502,36,18,5,2024-12-24 15:25:44,COMPLETED
2503,166,31,7,2024-07-02 05:03:00,COMPLETED
2503,166,31,7,2024-07-02 05:03:00,COMPLETED
2504,47,37,9,2024-10-28 03:13:59,COMPLETED
2505,67,9,6,2024-08-16 16:29:57,CANCELLED
2506,90,38,10,2024-11-18 07:06:02,COMPLETED
2507,12,2,3,2024-03-30 23:38:26,COMPLETED
2508,28,32,8,2024-05-05 16:43:26,COMPLETED
2509,198,16,2,2024-12-15 10:41:26,COMPLETED
2510,187,25,7,2024-12-24 05:09:56,COMPLETED
2511,157,17,2,2024-01-15 12:45:48,COMPLETED
2512,19,29,6,2024-08-23 13:18:00,COMPLETED
2513,8,12,6,2024-02-11 19:28:23,COMPLETED
2514,97,9,10,2024-08-04 02:39:35,COMPLETED
2515,65,32,8,2024-09-20 15:19:53,COMPLETED
2516,52,11,7,2024-11-12 01:31:03,COMPLETED
2517,50,6,10,2024-01-10 09:57:41,COMPLETED
2518,172,7,4,2024-01-13 21:48:42,COMPLETED
2519,2,24,7,2024-08-08 16:53:36,COMPLETED
2520,19,22,3,2024-09-22 00:04:02,COMPLETED
2521,187,34,8,2024-03-14 20:12:15,COMPLETED
2522,147,31,9,2024-05-16 17:51:58,COMPLETED
2523,144,9,2,2024-06-19 10:38:24,COMPLETED
2524,97,5,10,2024-01-31 08:21:11,COMPLETED
2525,133,20,2,2024-02-15 19:09:50,COMPLETED
2526,14,39,9,2024-05-08 12:23:45,COMPLETED
2527,75,17,7,2024-09-30 02:58:56,COMPLETED
2528,41,19,2,2024-07-26 13:11:27,COMPLETED
2529,133,40,9,2024-05-01 06:16:53,COMPLETED
2530,15,35,2,2024-08-14 07:50:00,COMPLETED
2531,68,2,1,2024-05-11 06:48:36,COMPLETED
2532,52,22,1,2024-02-24 02:15:50,COMPLETED
2533,188,22,1,2024-04-01 12:06:41,COMPLETED
2534,145,40,1,2024-05-14 07:30:51,CANCELLED
2535,107,39,10,2024-12-26 22:17:47,COMPLETED
2536,142,31,3,2024-04-15 01:19:15,COMPLETED
2537,27,3,8,2024-07-16 03:12:52,COMPLETED
2538,90,28,8,2024-04-27 20:03:50,COMPLETED
2539,59,2,1,2024-01-11 05:38:07,COMPLETED
2540,51,35,10,2024-11-30 02:31:32,COMPLETED
2541,176,2,9,2024-07-06 06:10:52,COMPLETED
2542,197,25,3,2024-06-15 21:16:05,COMPLETED
2543,141,9,2,2024-06-19 02:00:59,COMPLETED
2544,158,24,6,2024-03-16 04:54:29,COMPLETED
2545,15,16,4,2024-02-05 17:24:59,COMPLETED
2546,59,27,9,2024-08-08 14:35:48,COMPLETED
2547,4,16,1,2024-01-30 18:04:21,COMPLETED
2548,113,12,5,2024-01-17 23:29:40,COMPLETED
2549,155,16,5,2024-02-20 09:02:34,COMPLETED
2550,123,8,2,2024-01-30 15:53:36,COMPLETED
2551,140,14,8,2024-09-30 21:27:17,COMPLETED
2552,92,15,8,2024-10-03 22:53:21,COMPLETED
2553,94,36,5,2024-12-03 11:23:46,COMPLETED
2554,135,18,6,2024-09-27 23:42:12,COMPLETED
2555,27,4,6,2024-12-15 16:34:22,COMPLETED
2556,160,32,5,2024-01-31 11:10:13,COMPLETED
2557,36,34,4,2024-04-28 10:14:21,COMPLETED
2557,36,34,4,2024-04-28 10:14:21,COMPLETED
2558,54,8,6,2024-10-08 12:39:28,COMPLETED
2559,37,3,4,2024-09-28 05:01:07,COMPLETED
2560,196,30,2,2024-01-09 06:26:02,COMPLETED
2561,9,18,5,2024-08-16 10:47:44,COMPLETED
2562,22,4,5,2024-11-27 21:12:33,COMPLETED
2563,127,2,7,2024-05-29 09:19:16,COMPLETED
2564,58,14,7,2024-03-12 14:58:56,COMPLETED
2565,137,4,5,2024-01-13 03:47:38,COMPLETED
2566,90,2,10,2024-10-20 00:14:43,COMPLETED
2567,68,38,4,2024-10-21 02:06:08,COMPLETED
2568,186,40,7,2024-12-02 05:18:10,COMPLETED
2569,187,4,2,2024-08-02 21:04:31,COMPLETED
2570,185,19,9,2024-06-29 00:09:24,COMPLETED
2571,185,37,9,2024-04-11 00:18:51,COMPLETED
2572,98,30,4,2024-02-21 05:08:33,CANCELLED
2573,72,18,2,2024-04-07 01:32:26,COMPLETED
2574,76,22,10,2024-06-02 05:56:59,COMPLETED
2575,71,24,5,2024-09-13 00:28:06,COMPLETED
2576,168,39,1,2024-02-18 06:37:11,COMPLETED
2577,170,21,5,2024-11-25 04:08:10,COMPLETED
2578,119,2,8,2024-01-04 10:40:51,COMPLETED
2579,92,31,9,2024-03-25 14:26:21,COMPLETED
2580,149,6,5,2024-12-14 09:03:31,COMPLETED
2581,81,5,8,2024-03-10 19:53:38,COMPLETED
2582,71,17,8,2024-02-19 09:47:58,COMPLETED
2583,45,10,10,2024-09-11 18:09:34,COMPLETED
2584,30,3,3,2024-09-22 19:27:21,COMPLETED
2585,113,38,6,2024-01-17 07:03:15,COMPLETED
2586,59,4,5,2024-04-09 23:33:43,COMPLETED
2587,91,35,1,2024-08-21 05:48:01,COMPLETED
2588,28,5,9,2024-06-21 08:38:02,COMPLETED
2589,20,16,4,2024-05-06 12:34:26,COMPLETED
2590,175,27,2,2024-09-06 06:49:14,COMPLETED
2591,73,10,1,2024-05-06 19:34:42,COMPLETED
2592,93,22,7,2024-12-14 12:18:06,COMPLETED
2593,121,19,10,2024-01-13 02:24:29,COMPLETED
2594,12,19,3,2024-12-20 03:16:09,COMPLETED
2595,28,39,4,2024-11-09 19:25:29,COMPLETED
2596,184,33,10,2024-10-03 20:09:09,COMPLETED
2597,56,25,10,2024-01-13 15:50:58,COMPLETED
2598,39,25,2,2024-01-31 00:35:41,CANCELLED
2599,58,37,9,2024-08-11 02:09:42,COMPLETED
2600,188,27,9,2024-10-11 16:28:50,COMPLETED
2601,136,4,10,2024-07-02 10:25:36,COMPLETED
2602,134,29,6,2024-04-14 12:57:53,COMPLETED
2603,148,19,4,2024-05-07 15:33:41,COMPLETED
2604,197,24,4,2024-06-26 00:33:40,COMPLETED
2605,30,16,8,2024-10-11 14:10:31,CANCELLED
2606,105,24,2,2024-05-16 16:44:03,COMPLETED
2607,20,24,8,2024-08-23 01:02:45,COMPLETED
2608,108,15,10,2024-11-17 11:51:06,COMPLETED
2609,33,35,4,2024-10-28 13:01:20,CANCELLED
2610,173,38,3,2024-08-23 04:05:40,COMPLETED
2611,74,22,6,2024-02-15 19:30:15,COMPLETED
2612,108,33,3,2024-08-11 16:49:07,COMPLETED
2613,198,13,3,2024-12-06 08:41:35,COMPLETED
2614,43,8,7,2024-04-12 06:50:36,COMPLETED
2615,183,31,2,2024-02-19 02:06:51,COMPLETED
2616,111,2,3,2024-01-29 08:32:47,COMPLETED
2617,136,25,7,2024-05-17 14:56:49,COMPLETED
2618,179,36,4,2024-10-03 12:10:02,COMPLETED
2619,87,22,10,2024-08-24 10:01:50,COMPLETED
2620,185,3,2,2024-10-13 21:38:03,CANCELLED
2621,115,27,8,2024-10-14 15:48:03,COMPLETED
2622,75,31,3,2024-10-11 20:11:07,COMPLETED
2623,197,38,9,2024-02-02 12:58:28,COMPLETED
2624,2,38,10,2024-05-23 15:28:28,COMPLETED
2625,117,25,6,2024-06-19 07:55:39,COMPLETED
2626,185,38,5,2024-10-27 04:56:28,COMPLETED
2627,77,32,6,2024-01-19 18:04:34,COMPLETED
2628,135,38,9,2024-11-23 19:15:35,CANCELLED
2629,74,21,7,2024-05-03 17:21:53,COMPLETED
2630,37,3,4,2024-06-16 04:54:06,COMPLETED
2631,148,40,6,2024-02-08 15:05:43,COMPLETED
2632,43,8,5,2024-04-16 08:27:10,COMPLETED
2633,58,11,5,2024-12-30 18:01:26,CANCELLED
2634,156,7,4,2024-09-15 19:36:41,COMPLETED
2635,25,14,9,2024-11-21 18:05:21,COMPLETED
2636,44,2,10,2024-12-16 12:17:40,COMPLETED
2637,139,35,4,2024-01-03 14:07:23,COMPLETED
2638,7,24,4,2024-04-19 10:54:57,CANCELLED
2639,147,28,8,2024-07-21 07:04:58,COMPLETED
2640,117,19,2,2024-10-05 03:56:32,COMPLETED
2641,31,29,7,2024-07-10 13:28:29,COMPLETED
2642,36,18,2,2024-05-17 08:55:12,COMPLETED
2643,191,15,2,2024-05-07 00:56:22,COMPLETED
2644,86,18,8,2024-09-01 21:50:28,COMPLETED
2645,173,5,6,2024-12-12 12:34:57,CANCELLED
2646,111,7,9,2024-05-03 07:34:04,COMPLETED
2647,143,3,1,2024-04-05 12:04:55,COMPLETED
2648,97,15,4,2024-04-13 00:38:42,COMPLETED
2649,125,12,8,2024-04-19 18:01:11,COMPLETED
2650,163,6,9,2024-11-28 21:16:49,COMPLETED
2651,55,1,7,2024-01-27 02:55:13,COMPLETED
2652,157,14,3,2024-01-16 01:45:39,COMPLETED
2653,68,40,7,2024-09-02 01:35:31,COMPLETED
2654,164,23,8,2024-07-25 00:15:22,COMPLETED
2655,47,20,4,2024-12-05 19:57:19,COMPLETED
2656,125,32,7,2024-08-20 04:17:32,COMPLETED
2657,124,19,2,2024-03-26 00:34:49,COMPLETED
2658,194,19,7,2024-06-22 15:57:13,COMPLETED
2659,170,28,2,2024-03-09 10:15:04,COMPLETED
2660,82,8,6,2024-09-27 16:13:04,COMPLETED
2661,33,31,8,2024-08-21 10:16:26,COMPLETED
2662,61,2,5,2024-04-14 01:13:53,COMPLETED
2663,105,4,9,2024-10-26 17:41:05,COMPLETED
2664,173,21,7,2024-05-31 23:54:39,COMPLETED
2664,173,21,7,2024-05-31 23:54:39,COMPLETED
2665,109,26,5,2024-12-20 07:53:34,COMPLETED
2666,125,15,6,2024-09-04 02:25:50,COMPLETED
2667,79,29,7,2024-03-26 22:45:32,COMPLETED
2668,43,35,4,2024-10-29 17:57:04,COMPLETED
2669,158,40,6,2024-02-20 04:22:27,COMPLETED
2670,6,2,7,2024-02-05 01:12:58,COMPLETED
2671,86,23,9,2024-01-25 15:32:04,COMPLETED
2672,133,14,6,2024-07-26 22:58:01,COMPLETED
2673,41,35,7,2024-11-29 21:11:51,COMPLETED
2674,75,11,6,2024-05-08 17:49:25,COMPLETED
2675,142,16,1,2024-01-15 00:14:35,COMPLETED
2676,194,34,2,2024-07-13 18:18:44,COMPLETED
2677,125,3,3,2024-04-19 22:35:14,COMPLETED
2678,59,16,1,2024-04-15 19:29:41,COMPLETED
2679,97,26,3,2024-11-13 19:04:13,COMPLETED
2680,70,6,2,2024-01-29 16:42:25,COMPLETED
2681,181,27,1,2024-01-06 17:24:12,COMPLETED
2682,139,39,3,2024-02-07 02:39:09,COMPLETED
2683,101,13,10,2024-11-29 17:17:06,COMPLETED
2684,83,28,9,2024-10-15 17:46:01,COMPLETED
2685,71,30,4,2024-02-08 17:04:39,COMPLETED
2686,168,37,8,2024-05-26 05:59:12,COMPLETED
2687,24,15,7,2024-08-05 20:51:50,COMPLETED
2688,73,35,9,2024-04-04 23:58:05,COMPLETED
2689,128,26,6,2024-10-23 04:52:58,COMPLETED
2690,28,29,4,2024-08-12 10:13:37,CANCELLED
2691,102,15,8,2024-05-23 14:59:14,COMPLETED
2692,28,20,6,2024-02-25 20:02:42,COMPLETED
2693,22,7,9,2024-03-06 17:34:39,COMPLETED
2694,126,38,4,2024-02-02 13:54:00,COMPLETED
2695,158,31,9,2024-10-07 19:09:01,COMPLETED
2696,195,15,1,2024-10-25 00:45:55,COMPLETED
2697,106,20,6,2024-11-20 00:27:28,COMPLETED
2698,83,37,10,2024-06-06 21:10:26,COMPLETED
2699,69,14,9,2024-11-04 15:06:05,COMPLETED
2700,128,21,4,2024-05-04 23:44:49,COMPLETED
2701,124,33,9,2024-11-29 11:13:30,COMPLETED
2702,188,6,2,2024-06-14 07:49:49,COMPLETED
2703,97,9,1,2024-03-03 22:49:02,COMPLETED
2704,32,11,4,2024-06-18 22:44:21,COMPLETED
2705,30,3,7,2024-07-11 07:27:15,COMPLETED
2706,135,32,3,2024-10-17 21:07:29,COMPLETED
2707,108,26,1,2024-04-25 05:55:12,COMPLETED
2708,76,18,9,2024-05-05 04:51:23,COMPLETED
2709,96,37,3,2024-02-24 23:02:22,COMPLETED
2710,176,14,10,2024-10-04 11:23:16,COMPLETED
2711,155,17,8,2024-06-28 18:21:21,COMPLETED
2712,85,9,3,2024-07-22 15:33:41,COMPLETED
2713,122,1,6,2024-06-10 16:13:28,COMPLETED
2714,121,5,1,2024-05-01 02:33:51,COMPLETED
2715,52,7,9,2024-06-27 02:24:07,COMPLETED
2716,16,40,8,2024-08-18 20:43:01,COMPLETED
2717,90,36,4,2024-05-13 23:14:11,COMPLETED
2718,50,18,5,2024-11-14 17:59:08,CANCELLED
2719,110,38,5,2024-05-22 15:14:57,COMPLETED
2720,104,17,9,2024-07-29 02:38:37,COMPLETED
2721,52,5,10,2024-02-29 04:40:27,COMPLETED
2722,56,18,3,2024-04-12 02:45:22,COMPLETED
2723,33,34,10,2024-09-07 10:15:08,COMPLETED
2724,85,37,10,2024-08-22 20:54:48,COMPLETED
2725,189,40,8,2024-03-22 06:52:47,COMPLETED
2726,60,14,2,2024-12-27 00:00:25,COMPLETED
2727,38,10,3,2024-07-03 15:38:44,COMPLETED
2728,83,5,1,2024-02-23 04:41:55,COMPLETED
2729,113,28,8,2024-05-07 00:41:37,COMPLETED
2730,195,8,4,2024-08-05 12:55:51,COMPLETED
2731,199,25,8,2024-05-17 20:45:42,COMPLETED
2732,134,21,9,2024-01-31 08:52:25,COMPLETED
2733,55,11,5,2024-10-03 06:14:27,COMPLETED
2734,112,36,8,2024-07-09 08:00:09,COMPLETED
2735,65,8,9,2024-12-15 10:23:27,COMPLETED
2736,90,12,1,2024-12-02 08:59:43,COMPLETED
2737,120,23,7,2024-03-24 00:34:25,COMPLETED
2738,49,25,6,2024-03-10 12:27:11,CANCELLED
2739,3,13,8,2024-05-20 04:41:00,COMPLETED
2740,2,38,5,2024-05-07 13:23:25,COMPLETED
2741,95,17,9,2024-12-23 21:35:55,COMPLETED
2742,70,3,5,2024-09-06 04:50:08,COMPLETED
2743,12,17,5,2024-08-30 19:56:33,COMPLETED
2744,147,2,8,2024-08-23 22:44:29,COMPLETED
2745,126,12,8,2024-10-18 05:54:36,COMPLETED
2746,193,35,2,2024-01-15 19:59:24,COMPLETED
2747,157,10,3,2024-12-04 05:29:58,COMPLETED
2748,22,27,2,2024-01-22 18:24:18,COMPLETED
2749,182,4,6,2024-02-07 20:32:13,COMPLETED
2750,72,13,10,2024-10-13 09:33:57,COMPLETED
2751,173,21,3,2024-12-17 17:57:59,CANCELLED
2752,185,24,9,2024-01-06 12:05:06,CANCELLED
2753,104,27,1,2024-01-26 05:25:24,COMPLETED
2754,195,33,3,2024-10-10 02:22:20,COMPLETED
2755,45,29,1,2024-04-17 00:05:00,COMPLETED
2756,177,33,7,2024-03-08 04:10:50,COMPLETED
2757,1,20,5,2024-08-05 16:47:31,COMPLETED
2758,88,30,10,2024-11-20 17:04:09,COMPLETED
2759,145,30,2,2024-02-15 03:38:14,CANCELLED
2760,47,6,3,2024-05-03 07:19:35,COMPLETED
2761,6,11,1,2024-03-25 11:29:16,COMPLETED
2762,118,6,4,2024-04-29 12:44:20,COMPLETED
2763,165,13,3,2024-04-30 13:56:57,COMPLETED
2764,181,19,3,2024-04-18 08:07:38,COMPLETED
2765,81,27,4,2024-11-20 09:19:47,COMPLETED
2766,52,12,5,2024-04-10 17:21:19,COMPLETED
2767,68,6,8,2024-05-17 22:16:00,COMPLETED
2768,90,34,8,2024-11-18 03:30:03,COMPLETED
2769,44,3,10,2024-05-29 18:48:16,COMPLETED
2770,146,14,7,2024-05-14 17:32:34,COMPLETED
2771,175,19,4,2024-05-12 21:21:34,COMPLETED
2772,129,36,5,2024-02-05 05:55:16,COMPLETED
2773,54,17,4,2024-06-30 15:10:11,COMPLETED
2774,30,34,3,2024-07-03 13:16:35,COMPLETED
2775,151,21,6,2024-08-06 22:42:42,COMPLETED
2776,151,3,6,2024-09-29 08:28:50,COMPLETED
2777,92,1,3,2024-06-12 15:48:18,COMPLETED
2778,87,7,3,2024-12-20 15:09:50,COMPLETED
2779,42,30,9,2024-03-13 07:08:37,COMPLETED
2780,113,40,8,2024-08-18 12:31:03,COMPLETED
2781,112,26,8,2024-11-19 22:20:31,COMPLETED
2782,186,24,10,2024-05-11 05:15:13,COMPLETED
2783,103,20,1,2024-12-26 18:48:36,COMPLETED
2784,196,33,2,2024-06-12 11:52:25,COMPLETED
2785,69,37,7,2024-08-18 07:52:10,COMPLETED
2786,132,11,5,2024-12-10 07:39:59,COMPLETED
2787,179,34,4,2024-08-08 14:02:03,COMPLETED
2788,34,22,1,2024-02-05 02:34:35,COMPLETED
2789,197,10,6,2024-06-27 03:31:11,COMPLETED
2790,118,1,3,2024-03-18 19:55:27,COMPLETED
2791,78,20,2,2024-03-12 16:32:15,COMPLETED
2792,53,28,2,2024-10-08 05:25:18,COMPLETED
2793,176,36,6,2024-01-02 22:05:19,COMPLETED
2794,89,7,8,2024-08-01 12:46:42,COMPLETED
2795,179,14,8,2024-09-16 14:16:58,COMPLETED
2796,119,16,2,2024-05-30 12:27:02,COMPLETED
2797,196,9,7,2024-10-27 07:18:34,COMPLETED
2798,73,28,10,2024-06-01 22:57:05,COMPLETED
2799,89,32,10,2024-01-11 10:41:29,COMPLETED
2800,156,12,4,2024-05-23 08:33:53,COMPLETED
2801,129,1,10,2024-08-20 16:40:15,COMPLETED
2802,20,15,3,2024-07-13 03:52:07,COMPLETED
2803,55,20,7,2024-02-06 01:25:40,COMPLETED
2804,168,12,7,2024-02-28 13:04:09,COMPLETED
2805,100,31,1,2024-04-11 08:52:40,CANCELLED
2806,108,12,3,2024-06-03 15:38:36,COMPLETED
2807,28,30,2,2024-05-14 11:37:39,COMPLETED
2808,26,26,1,2024-03-03 11:32:43,COMPLETED
2809,148,33,7,2024-09-23 12:46:01,COMPLETED
2810,125,26,7,2024-10-26 13:35:35,COMPLETED
2811,109,17,2,2024-08-22 10:17:44,COMPLETED
2812,116,33,6,2024-10-30 07:28:49,COMPLETED
2813,86,35,6,2024-02-13 08:51:35,COMPLETED
2814,109,35,7,2024-12-03 23:55:01,COMPLETED
2815,39,1,6,2024-12-28 19:09:41,COMPLETED
2816,67,13,9,2024-11-11 16:10:20,COMPLETED
2817,117,28,1,2024-06-29 11:54:24,COMPLETED
2818,32,32,8,2024-05-22 13:39:30,COMPLETED
2819,154,24,5,2024-06-14 07:50:06,COMPLETED
2820,76,2,9,2024-04-13 18:48:56,COMPLETED
2821,92,27,1,2024-06-22 12:11:58,COMPLETED
2822,163,3,10,2024-02-13 08:57:49,COMPLETED
2823,10,35,7,2024-04-06 13:22:08,COMPLETED
2824,137,7,3,2024-10-09 06:08:58,COMPLETED
2825,127,28,5,2024-05-14 03:14:00,CANCELLED
2826,177,40,4,2024-12-22 19:36:17,COMPLETED
2827,188,34,10,2024-06-27 00:46:48,COMPLETED
2828,84,24,1,2024-02-26 23:48:47,COMPLETED
2829,186,7,7,2024-07-18 02:04:44,CANCELLED
2830,21,22,5,2024-06-13 02:15:51,COMPLETED
2831,48,17,2,2024-11-21 00:02:17,CANCELLED
2832,30,13,10,2024-04-11 08:28:12,CANCELLED
2833,158,33,9,2024-11-27 18:07:40,COMPLETED
2834,178,4,6,2024-08-10 15:52:44,COMPLETED
2835,195,28,5,2024-10-17 01:19:51,COMPLETED
2836,48,18,9,2024-09-17 18:16:15,COMPLETED
2837,103,12,5,2024-04-15 21:33:22,COMPLETED
2838,54,2,7,2024-09-12 05:40:01,COMPLETED
2839,69,30,10,2024-11-02 21:44:25,CANCELLED
2840,82,7,4,2024-03-28 07:31:07,COMPLETED
2841,84,15,2,2024-08-25 10:31:59,COMPLETED
2842,183,39,8,2024-08-16 07:45:25,COMPLETED
2843,153,22,9,2024-05-31 02:06:39,COMPLETED
2844,143,1,6,2024-05-12 06:35:04,COMPLETED
2845,114,10,8,2024-11-27 19:10:29,COMPLETED
2846,54,35,3,2024-09-18 08:41:01,COMPLETED
2847,104,3,10,2024-01-31 12:41:04,COMPLETED
2848,144,23,2,2024-03-21 14:31:02,COMPLETED
2849,136,24,5,2024-04-23 07:59:16,COMPLETED
2850,116,30,1,2024-03-01 13:05:52,COMPLETED
2851,43,40,6,2024-08-07 09:10:44,COMPLETED
2852,196,2,5,2024-08-04 02:23:30,COMPLETED
2853,61,25,9,2024-02-21 03:30:31,COMPLETED
2854,32,7,7,2024-03-25 18:45:13,COMPLETED
2855,29,37,5,2024-03-10 08:52:54,COMPLETED
2856,197,26,9,2024-06-07 15:38:48,COMPLETED
2857,56,27,10,2024-04-18 07:20:50,COMPLETED
2858,93,7,6,2024-07-14 01:49:07,COMPLETED
2859,101,15,7,2024-07-11 04:10:47,COMPLETED
2860,74,29,3,2024-12-24 19:28:13,COMPLETED
2861,103,19,1,2024-07-25 20:48:15,COMPLETED
2862,196,30,3,2024-09-22 09:18:00,CANCELLED
2863,99,38,7,2024-06-11 10:33:18,COMPLETED
2864,163,2,10,2024-03-28 01:37:35,COMPLETED
2865,159,33,2,2024-08-20 20:22:49,COMPLETED
2866,105,2,6,2024-08-24 19:51:52,COMPLETED
2867,146,31,2,2024-05-23 19:24:29,COMPLETED
2868,154,25,9,2024-07-17 13:59:30,COMPLETED
2869,42,30,6,2024-10-07 19:24:31,COMPLETED
2870,45,31,4,2024-05-05 08:00:27,COMPLETED
2871,17,2,4,2024-08-12 07:38:35,COMPLETED
2872,63,39,8,2024-04-03 22:31:08,COMPLETED
2873,119,33,2,2024-11-08 02:54:19,COMPLETED
2874,85,11,4,2024-06-28 12:07:48,COMPLETED
2875,18,1,1,2024-09-21 20:55:14,COMPLETED
2875,18,1,1,2024-09-21 20:55:14,COMPLETED
2876,134,31,7,2024-01-28 07:51:18,COMPLETED
2877,67,35,2,2024-10-04 23:41:29,COMPLETED
2878,166,35,1,2024-06-19 07:18:47,COMPLETED
2879,186,4,5,2024-11-11 05:14:30,COMPLETED
2880,186,3,6,2024-06-04 02:57:07,COMPLETED
2881,131,29,7,2024-11-01 19:19:09,COMPLETED
2882,38,17,10,2024-10-19 15:51:16,COMPLETED
2883,185,11,6,2024-06-09 08:26:31,COMPLETED
2884,37,16,8,2024-03-22 14:08:02,COMPLETED
2885,85,5,8,2024-12-15 05:06:27,COMPLETED
2886,193,16,5,2024-05-12 23:47:57,COMPLETED
2887,114,22,8,2024-09-28 16:23:14,COMPLETED
2888,71,39,1,2024-10-22 16:02:32,COMPLETED
2889,134,19,1,2024-03-26 20:04:12,COMPLETED
2890,145,24,5,2024-04-29 02:18:13,CANCELLED
2891,41,37,5,2024-07-03 13:58:32,COMPLETED
2892,173,19,3,2024-10-15 20:05:43,COMPLETED
2893,33,10,10,2024-04-23 12:44:23,COMPLETED
2894,66,15,1,2024-11-26 11:08:28,COMPLETED
2895,78,10,10,2024-01-05 16:28:11,COMPLETED
2896,185,33,9,2024-06-06 14:44:46,COMPLETED
2897,44,23,3,2024-08-16 00:29:55,COMPLETED
2898,81,34,6,2024-05-26 19:01:01,COMPLETED
2899,125,11,9,2024-07-06 05:03:17,COMPLETED
2900,98,1,2,2024-05-12 23:05:30,COMPLETED
2901,53,15,3,2024-04-18 02:05:20,COMPLETED
2902,187,8,4,2024-05-18 10:50:04,COMPLETED
2903,146,1,9,2024-12-14 19:13:18,COMPLETED
2904,52,24,1,2024-06-03 18:12:26,COMPLETED
2905,85,33,2,2024-04-15 10:19:01,COMPLETED
2906,137,35,2,2024-11-05 21:07:58,COMPLETED
2907,146,34,4,2024-04-05 00:41:49,COMPLETED
2908,190,12,4,2024-03-29 16:16:56,COMPLETED
2909,117,12,1,2024-08-24 13:34:29,COMPLETED
2910,72,6,4,2024-10-11 19:11:54,COMPLETED
2911,17,9,9,2024-04-27 13:56:08,COMPLETED
2912,59,16,10,2024-10-22 19:22:36,COMPLETED
2913,119,7,9,2024-12-08 09:29:13,COMPLETED
2914,82,5,4,2024-07-04 18:04:12,COMPLETED
2915,22,31,4,2024-02-08 18:54:39,COMPLETED
2916,56,39,8,2024-04-26 11:50:19,COMPLETED
2917,149,28,2,2024-10-06 14:42:48,COMPLETED
2918,200,13,10,2024-11-08 22:16:55,COMPLETED
2919,194,30,1,2024-04-07 18:27:33,COMPLETED
2920,154,18,8,2024-09-02 02:32:28,COMPLETED
2921,130,31,9,2024-04-20 04:47:41,CANCELLED
2922,77,17,9,2024-04-06 17:03:11,COMPLETED
2923,174,36,9,2024-04-29 22:15:43,COMPLETED
2924,29,12,8,2024-01-03 12:44:43,COMPLETED
2925,131,31,8,2024-03-04 08:29:23,COMPLETED
2926,195,28,5,2024-02-06 17:26:14,CANCELLED
2927,114,22,9,2024-11-15 10:47:35,COMPLETED
2928,200,7,4,2024-03-23 19:19:16,COMPLETED
2929,79,21,9,2024-07-02 06:11:59,COMPLETED
2930,77,40,4,2024-08-09 18:11:03,COMPLETED
2931,83,11,4,2024-10-24 15:20:28,COMPLETED
2932,44,11,10,2024-09-14 07:47:36,COMPLETED
2933,133,31,10,2024-11-02 07:40:12,COMPLETED
2934,186,18,4,2024-12-28 06:43:55,COMPLETED
2935,78,24,3,2024-04-28 22:17:33,COMPLETED
2936,91,21,8,2024-04-29 14:55:31,COMPLETED
2937,101,27,1,2024-10-23 00:25:51,CANCELLED
2938,15,27,6,2024-09-07 19:13:27,COMPLETED
2939,117,18,1,2024-11-13 21:16:52,COMPLETED
2940,54,17,5,2024-11-19 07:56:40,COMPLETED
2941,83,28,7,2024-05-06 11:36:19,COMPLETED
2942,190,13,4,2024-08-27 20:02:15,COMPLETED
2943,71,7,2,2024-04-04 10:12:31,COMPLETED
2944,186,31,10,2024-07-01 11:31:19,CANCELLED
2945,12,25,8,2024-04-07 00:44:04,COMPLETED
2946,156,38,7,2024-01-24 00:52:22,COMPLETED
2947,164,22,5,2024-07-27 21:33:05,COMPLETED
2948,73,8,8,2024-02-22 03:37:27,COMPLETED
2949,19,21,7,2024-11-16 03:07:57,COMPLETED
2950,39,38,5,2024-08-10 22:53:20,COMPLETED
2951,23,29,4,2024-05-07 07:42:35,COMPLETED
2952,196,17,9,2024-07-25 05:32:05,COMPLETED
2953,177,2,3,2024-10-26 20:30:00,COMPLETED
2954,180,21,6,2024-12-17 12:10:33,COMPLETED
2955,192,14,3,2024-05-04 18:25:36,COMPLETED
2956,118,24,6,2024-03-18 06:40:34,COMPLETED
2957,181,17,5,2024-08-22 10:07:01,COMPLETED
2958,6,9,2,2024-09-06 10:06:46,COMPLETED
2959,102,32,1,2024-11-18 23:46:03,COMPLETED
2960,132,24,1,2024-08-07 16:50:31,COMPLETED
2961,9,33,6,2024-11-02 20:36:55,COMPLETED
2962,73,37,6,2024-09-03 08:47:34,COMPLETED
2963,20,37,2,2024-08-04 19:38:45,COMPLETED
2964,137,11,9,2024-11-24 16:04:53,COMPLETED
2965,147,30,10,2024-09-09 12:03:39,CANCELLED
2966,193,5,7,2024-11-13 14:02:10,COMPLETED
2967,116,10,6,2024-01-29 08:38:58,COMPLETED
2968,148,22,8,2024-07-23 22:39:02,COMPLETED
2969,190,28,1,2024-06-04 21:56:05,COMPLETED
2970,2,40,7,2024-01-08 07:53:47,COMPLETED
2971,83,28,3,2024-04-10 12:41:03,COMPLETED
2972,150,21,9,2024-06-26 18:34:12,COMPLETED
2973,52,37,6,2024-12-12 21:37:59,COMPLETED
2974,148,10,4,2024-10-27 04:48:27,COMPLETED
2975,79,12,2,2024-01-11 04:25:47,COMPLETED
2976,11,9,9,2024-05-15 08:26:17,CANCELLED
2977,84,21,4,2024-09-12 14:33:41,COMPLETED
2978,78,11,7,2024-04-15 06:37:46,COMPLETED
2979,56,23,1,2024-02-23 07:50:31,COMPLETED
2980,113,8,7,2024-01-10 20:58:04,COMPLETED
2981,191,14,7,2024-01-20 02:42:37,COMPLETED
2982,103,13,4,2024-10-26 10:05:21,COMPLETED
2983,32,6,3,2024-07-15 18:49:02,CANCELLED
2984,186,34,2,2024-03-04 06:10:46,COMPLETED
2985,31,32,10,2024-05-19 04:26:24,COMPLETED
2986,82,27,4,2024-03-22 16:23:38,CANCELLED
2987,130,24,8,2024-04-09 03:25:27,COMPLETED
2988,117,2,1,2024-05-27 14:07:41,COMPLETED
2989,103,7,6,2024-05-19 23:06:03,CANCELLED
2990,17,28,5,2024-03-30 01:46:45,CANCELLED
2991,22,25,8,2024-01-07 03:43:58,CANCELLED
2992,71,21,1,2024-02-24 15:45:10,COMPLETED
2993,46,37,1,2024-02-19 16:33:52,COMPLETED
2994,36,31,1,2024-01-24 18:15:09,COMPLETED
2995,54,19,6,2024-08-27 20:01:48,COMPLETED
2996,41,27,3,2024-03-08 19:44:21,CANCELLED
2997,39,12,6,2024-12-07 09:35:43,CANCELLED
2998,42,2,8,2024-03-20 06:08:04,COMPLETED
2999,161,24,5,2024-08-29 12:39:16,COMPLETED
3000,7,22,1,2024-12-11 04:24:25,COMPLETED
3001,189,10,7,2024-01-19 01:24:22,COMPLETED
3002,196,39,9,2024-03-06 22:05:37,COMPLETED
3003,4,23,4,2024-02-05 18:39:25,COMPLETED
3004,17,8,8,2024-06-29 08:49:56,CANCELLED
3005,138,29,3,2024-11-28 19:01:58,COMPLETED
3006,164,1,5,2024-07-03 22:54:39,COMPLETED
3007,66,9,6,2024-09-11 21:51:05,COMPLETED
3008,158,7,8,2024-07-10 09:14:41,COMPLETED
3009,147,13,3,2024-03-26 04:07:40,COMPLETED
3010,37,15,2,2024-10-15 14:59:18,COMPLETED
3011,104,19,10,2024-02-10 20:47:52,COMPLETED
3012,65,12,5,2024-05-07 15:00:50,COMPLETED
3013,119,38,9,2024-07-19 17:53:52,COMPLETED
3014,69,9,6,2024-06-12 21:31:13,COMPLETED
3015,38,38,1,2024-10-17 11:16:05,CANCELLED
3016,99,4,4,2024-03-11 17:58:13,COMPLETED
3017,163,3,4,2024-03-03 20:52:46,COMPLETED
3018,3,37,8,2024-07-06 21:45:39,COMPLETED
3019,49,37,7,2024-06-24 13:54:56,CANCELLED
3020,117,40,5,2024-07-30 23:57:54,COMPLETED
3021,191,18,9,2024-12-24 19:14:17,COMPLETED
3022,48,17,6,2024-11-09 09:40:40,COMPLETED
3023,198,36,8,2024-09-14 13:55:12,COMPLETED
3024,88,34,5,2024-01-25 12:18:00,COMPLETED
3025,110,2,9,2024-02-19 00:31:54,COMPLETED
3026,118,8,2,2024-08-01 18:42:12,COMPLETED
3027,33,23,5,2024-06-24 18:12:35,COMPLETED
3028,22,33,3,2024-06-03 09:30:36,COMPLETED
3029,131,13,3,2024-11-22 05:29:12,COMPLETED
3030,199,2,4,2024-10-11 19:53:53,COMPLETED
3031,135,39,3,2024-08-06 14:26:59,COMPLETED
3032,135,4,9,2024-05-20 20:12:01,COMPLETED
3033,178,34,3,2024-05-25 10:19:59,COMPLETED
3034,175,11,10,2024-03-28 20:52:21,COMPLETED
3035,193,10,9,2024-08-24 18:29:41,COMPLETED
3036,52,18,1,2024-06-04 16:24:20,COMPLETED
3037,134,27,8,2024-06-30 18:06:53,COMPLETED
3038,185,20,1,2024-01-30 01:50:36,COMPLETED
3039,143,20,4,2024-12-24 11:28:10,COMPLETED
3040,153,5,1,2024-10-20 06:41:25,COMPLETED
3041,37,31,3,2024-10-23 22:31:21,CANCELLED
3042,63,26,3,2024-09-07 21:56:42,COMPLETED
3043,152,13,4,2024-11-20 00:30:36,COMPLETED
3044,58,18,3,2024-12-12 15:59:37,COMPLETED
3045,186,38,3,2024-03-20 22:29:05,COMPLETED
3046,173,18,6,2024-01-05 04:22:28,COMPLETED
3047,134,20,9,2024-02-09 20:24:54,COMPLETED
3048,154,31,4,2024-09-13 11:34:26,COMPLETED
3049,32,35,10,2024-06-25 11:00:41,COMPLETED
3050,194,22,5,2024-01-16 21:52:59,COMPLETED
3051,66,8,8,2024-06-14 09:46:27,COMPLETED
3052,182,32,5,2024-03-28 05:44:06,COMPLETED
3053,23,39,10,2024-12-01 23:10:38,COMPLETED
3054,171,32,7,2024-06-12 18:17:15,COMPLETED
3055,27,18,5,2024-12-17 08:42:26,COMPLETED
3056,131,22,7,2024-09-16 00:41:24,COMPLETED
3057,92,6,1,2024-02-09 06:36:32,COMPLETED
3058,125,16,10,2024-07-11 05:30:41,COMPLETED
3059,112,18,2,2024-10-30 06:43:11,COMPLETED
3060,125,36,10,2024-11-21 05:14:44,COMPLETED
3061,156,34,7,2024-01-17 08:24:42,COMPLETED
3062,152,7,10,2024-02-06 20:39:30,COMPLETED
3063,196,16,6,2024-08-13 07:07:46,COMPLETED
3064,155,27,7,2024-10-05 22:56:19,COMPLETED
3065,89,29,8,2024-08-10 15:57:43,COMPLETED
3066,10,26,7,2024-09-16 20:10:08,CANCELLED
3066,10,26,7,2024-09-16 20:10:08,CANCELLED
3067,56,37,3,2024-01-10 09:02:32,COMPLETED
3068,85,7,5,2024-12-23 13:15:48,COMPLETED
3069,8,30,5,2024-05-19 06:17:27,COMPLETED
3070,89,23,4,2024-04-17 10:24:05,COMPLETED
3071,13,21,8,2024-09-28 12:07:31,CANCELLED
3072,68,11,4,2024-08-04 21:23:24,COMPLETED
3073,141,21,7,2024-10-19 13:26:36,COMPLETED
3074,45,32,2,2024-05-09 14:53:56,COMPLETED
3075,138,15,6,2024-11-17 19:53:11,COMPLETED
3076,185,6,7,2024-05-01 12:39:58,COMPLETED
3077,164,12,7,2024-03-19 12:09:58,COMPLETED
3078,182,32,6,2024-05-10 21:04:45,COMPLETED
3079,93,11,3,2024-05-05 08:20:21,COMPLETED
3080,49,38,5,2024-12-18 22:54:45,COMPLETED
3081,165,36,5,2024-10-20 21:36:46,COMPLETED
3082,46,26,10,2024-09-27 03:47:53,COMPLETED
3083,24,6,10,2024-12-21 05:35:48,COMPLETED
3084,104,17,3,2024-10-05 00:33:38,COMPLETED
3085,91,26,3,2024-12-23 18:44:59,COMPLETED
3086,189,19,10,2024-08-09 09:46:49,CANCELLED
3087,83,15,8,2024-11-16 20:07:38,COMPLETED
3088,141,10,5,2024-01-11 05:41:07,COMPLETED
3089,178,15,4,2024-12-05 20:51:29,COMPLETED
3090,166,14,3,2024-01-05 19:44:50,COMPLETED
3091,6,40,8,2024-11-21 10:04:49,COMPLETED
3092,143,36,10,2024-03-15 15:47:54,COMPLETED
3093,133,38,7,2024-08-31 14:26:28,COMPLETED
3094,100,17,6,2024-11-08 00:28:25,COMPLETED
3095,111,24,6,2024-12-15 13:06:02,CANCELLED
3096,61,21,9,2024-05-18 16:10:21,COMPLETED
3097,178,9,6,2024-11-29 23:15:55,COMPLETED
3098,180,16,9,2024-08-12 20:17:02,COMPLETED
3099,130,31,9,2024-05-01 17:53:23,COMPLETED
3100,155,15,6,2024-10-05 16:11:10,COMPLETED
3101,142,15,8,2024-04-14 12:30:19,COMPLETED
3102,14,30,10,2024-06-19 01:15:11,COMPLETED
3103,112,5,3,2024-01-09 14:07:42,COMPLETED
3104,144,4,6,2024-07-04 02:28:49,COMPLETED
3105,38,5,6,2024-01-26 09:41:27,CANCELLED
3106,71,37,5,2024-12-14 04:15:19,COMPLETED
3107,183,39,8,2024-06-16 07:37:36,COMPLETED
3108,35,26,4,2024-09-14 00:25:50,COMPLETED
3109,138,20,6,2024-03-31 07:39:24,COMPLETED
3110,131,27,3,2024-10-24 14:26:09,COMPLETED
3111,175,38,6,2024-12-01 01:15:51,COMPLETED
3112,157,4,6,2024-08-16 03:24:33,COMPLETED
3113,19,40,2,2024-07-24 17:49:57,COMPLETED
3114,42,13,4,2024-08-21 14:37:25,COMPLETED
3115,46,12,1,2024-09-09 04:54:43,CANCELLED
3116,187,8,6,2024-02-04 14:31:32,COMPLETED
3117,104,37,7,2024-11-08 14:20:30,COMPLETED
3118,179,31,3,2024-11-25 01:05:14,COMPLETED
3119,25,20,6,2024-03-09 21:35:23,COMPLETED
3120,65,32,2,2024-03-12 16:17:00,COMPLETED
3121,52,15,6,2024-09-08 08:34:36,COMPLETED
3122,87,29,2,2024-07-22 10:47:48,COMPLETED
3123,156,4,9,2024-01-23 23:16:57,COMPLETED
3124,25,11,1,2024-07-24 11:45:53,COMPLETED
3125,84,25,5,2024-01-11 17:44:59,COMPLETED
3126,146,37,6,2024-11-29 17:48:10,COMPLETED
3127,45,13,10,2024-07-12 11:34:23,COMPLETED
3128,56,23,2,2024-12-04 16:32:02,COMPLETED
3128,56,23,2,2024-12-04 16:32:02,COMPLETED
3129,40,39,6,2024-08-10 21:55:41,COMPLETED
3130,113,12,9,2024-02-27 19:22:48,COMPLETED
3131,114,2,10,2024-01-16 01:24:08,CANCELLED
3132,31,20,5,2024-02-11 20:32:06,COMPLETED
3133,47,38,9,2024-03-06 00:08:38,CANCELLED
3134,128,13,10,2024-03-01 07:03:33,CANCELLED
3135,87,30,9,2024-11-19 00:39:34,COMPLETED
3136,115,8,9,2024-01-26 10:09:53,COMPLETED
3137,94,10,4,2024-11-13 12:26:57,COMPLETED
3138,104,3,6,2024-01-23 18:25:01,CANCELLED
3139,123,38,2,2024-11-25 05:49:40,COMPLETED
3140,170,21,9,2024-08-06 15:30:34,COMPLETED
3141,137,34,7,2024-10-20 23:02:17,COMPLETED
3142,52,19,6,2024-02-22 14:43:29,COMPLETED
3143,51,19,7,2024-06-05 23:46:19,COMPLETED
3144,22,32,1,2024-07-09 18:40:59,COMPLETED
3145,144,31,10,2024-05-30 23:57:33,COMPLETED
3146,198,19,1,2024-07-23 21:07:24,COMPLETED
3147,49,6,5,2024-12-12 10:54:18,COMPLETED
3148,147,35,3,2024-09-05 21:55:23,COMPLETED
3149,13,35,1,2024-01-19 08:00:22,CANCELLED
3150,99,13,6,2024-07-27 20:19:14,COMPLETED
3151,176,28,9,2024-07-22 11:53:20,COMPLETED
3152,131,24,1,2024-12-19 15:59:09,COMPLETED
3153,118,12,4,2024-10-03 16:08:52,COMPLETED
3154,183,14,8,2024-03-21 06:55:40,COMPLETED
3155,157,1,1,2024-12-24 02:28:03,COMPLETED
3156,177,8,5,2024-01-02 20:10:07,CANCELLED
3157,169,22,3,2024-05-31 10:16:42,COMPLETED
3158,96,26,1,2024-03-01 13:21:48,COMPLETED
3159,64,40,5,2024-12-08 12:19:16,CANCELLED
3160,175,37,5,2024-03-20 13:35:07,CANCELLED
3161,168,18,7,2024-09-25 01:53:15,COMPLETED
3162,106,25,5,2024-11-23 05:55:13,CANCELLED
3163,200,32,5,2024-08-21 01:36:48,COMPLETED
3164,178,26,1,2024-09-27 07:12:23,COMPLETED
3165,33,15,2,2024-09-04 14:50:07,COMPLETED
3166,41,32,2,2024-03-12 05:01:32,COMPLETED
3167,43,17,7,2024-04-20 14:35:29,COMPLETED
3168,73,37,5,2024-02-12 03:13:09,COMPLETED
3169,102,13,2,2024-08-03 10:38:40,COMPLETED
3170,52,9,9,2024-01-14 20:42:11,COMPLETED
3171,28,8,4,2024-01-15 18:28:37,COMPLETED
3172,48,6,2,2024-04-03 21:17:25,COMPLETED
3173,95,29,3,2024-06-20 15:57:38,COMPLETED
3174,11,33,4,2024-10-25 11:23:52,COMPLETED
3175,82,3,10,2024-01-06 12:27:26,CANCELLED
3176,88,17,3,2024-05-15 23:19:44,COMPLETED
3177,165,4,7,2024-05-27 14:10:36,COMPLETED
3178,75,33,2,2024-03-28 11:20:52,COMPLETED
3179,50,22,8,2024-01-10 19:54:11,COMPLETED
3180,18,16,10,2024-07-24 06:30:16,COMPLETED
3181,42,10,9,2024-05-03 07:48:49,COMPLETED
3182,176,5,7,2024-07-20 04:33:03,COMPLETED
3183,159,11,6,2024-05-23 20:07:07,COMPLETED
3184,27,15,1,2024-05-28 01:09:58,COMPLETED
3185,15,25,10,2024-02-16 11:08:42,COMPLETED
3186,196,3,10,2024-07-30 21:11:52,COMPLETED
3187,167,31,10,2024-09-07 09:52:47,COMPLETED
3188,176,40,7,2024-06-23 15:14:21,CANCELLED
3189,61,32,10,2024-04-07 02:33:47,COMPLETED
3190,163,30,8,2024-12-23 01:40:34,COMPLETED
3191,117,35,6,2024-03-27 22:20:18,COMPLETED
3192,164,12,7,2024-04-09 21:22:47,COMPLETED
3193,95,2,7,2024-11-08 19:20:33,COMPLETED
3194,11,30,7,2024-10-03 00:04:19,COMPLETED
3195,59,26,3,2024-11-22 06:37:44,COMPLETED
3196,54,26,7,2024-12-09 03:57:07,COMPLETED
3197,188,29,8,2024-05-30 20:32:59,COMPLETED
3198,87,21,7,2024-02-21 16:43:07,COMPLETED
3199,53,16,4,2024-10-03 17:49:08,COMPLETED
3200,50,40,6,2024-12-15 15:54:38,COMPLETED
3201,196,27,6,2024-09-07 02:30:55,COMPLETED
3202,101,10,8,2024-02-12 04:41:35,COMPLETED
3203,116,20,10,2024-06-09 01:13:00,COMPLETED
3204,56,22,9,2024-12-11 14:41:56,COMPLETED
3205,99,34,7,2024-03-11 00:39:35,CANCELLED
3206,7,14,7,2024-08-08 08:29:06,COMPLETED
3207,70,37,3,2024-09-06 00:46:21,COMPLETED
3208,51,10,7,2024-05-02 21:54:25,COMPLETED
3209,190,9,8,2024-05-02 19:20:01,COMPLETED
3210,196,40,9,2024-10-12 13:39:25,COMPLETED
3211,10,7,2,2024-02-03 07:14:54,COMPLETED
3212,14,22,2,2024-05-01 16:06:38,CANCELLED
3213,92,13,3,2024-03-23 17:24:51,COMPLETED
3214,17,24,10,2024-12-19 02:46:59,COMPLETED
3215,115,31,6,2024-09-30 06:03:26,COMPLETED
3216,78,7,9,2024-03-03 01:33:34,CANCELLED
3217,39,11,7,2024-02-15 23:56:42,COMPLETED
3218,159,27,3,2024-08-06 03:05:18,COMPLETED
3219,121,18,4,2024-02-14 00:35:45,COMPLETED
3220,38,29,2,2024-10-20 11:23:15,COMPLETED
3221,98,31,7,2024-07-04 04:50:39,COMPLETED
3222,6,38,6,2024-12-27 13:00:36,COMPLETED
3223,147,12,8,2024-12-13 04:34:21,COMPLETED
3224,126,37,6,2024-12-09 22:25:34,COMPLETED
3225,22,24,2,2024-03-09 19:57:15,COMPLETED
3226,77,26,3,2024-02-13 02:19:56,CANCELLED
3227,172,13,6,2024-04-23 12:53:40,COMPLETED
3228,22,23,10,2024-11-06 10:10:50,COMPLETED
3229,160,38,7,2024-03-06 15:45:17,COMPLETED
3230,65,13,9,2024-04-18 20:04:49,CANCELLED
3231,7,32,6,2024-12-17 18:49:23,COMPLETED
3232,167,16,5,2024-04-12 04:23:40,COMPLETED
3233,111,22,1,2024-04-15 23:01:15,COMPLETED
3234,195,30,2,2024-05-09 07:01:43,COMPLETED
3235,34,40,1,2024-10-12 07:21:10,COMPLETED
3236,78,25,4,2024-12-17 06:52:32,COMPLETED
3237,100,3,5,2024-09-27 15:10:10,COMPLETED
3238,94,33,7,2024-06-07 03:19:58,COMPLETED
3239,34,23,5,2024-08-02 12:34:46,COMPLETED
3240,73,18,2,2024-12-20 17:06:27,COMPLETED
3241,172,6,6,2024-11-30 13:34:03,COMPLETED
3242,30,2,3,2024-11-09 02:34:37,COMPLETED
3243,63,5,3,2024-05-25 00:13:52,COMPLETED
3244,147,16,2,2024-12-01 10:10:40,COMPLETED
3245,186,1,6,2024-12-03 22:28:30,CANCELLED
3246,19,10,10,2024-08-31 03:55:14,CANCELLED
3247,118,22,2,2024-08-25 21:31:16,COMPLETED
3248,181,9,4,2024-12-22 12:24:01,COMPLETED
3249,21,12,2,2024-10-05 22:36:58,CANCELLED
3250,1,28,4,2024-03-22 15:23:00,COMPLETED
3251,21,25,6,2024-08-30 21:37:57,COMPLETED
3252,122,13,8,2024-08-23 03:16:33,COMPLETED
3253,121,19,10,2024-12-01 22:27:39,COMPLETED
3254,114,12,9,2024-01-03 10:50:42,COMPLETED
3255,51,17,3,2024-12-07 01:11:58,COMPLETED
3256,49,8,2,2024-03-14 02:08:14,COMPLETED
3257,83,15,3,2024-06-02 06:34:19,COMPLETED
3258,152,19,10,2024-06-09 02:44:47,COMPLETED
3259,74,14,7,2024-04-07 11:01:17,COMPLETED
3260,189,16,9,2024-01-03 17:05:12,COMPLETED
3261,175,17,5,2024-10-19 22:33:30,COMPLETED
3262,16,5,8,2024-05-13 16:23:35,CANCELLED
3263,16,40,7,2024-02-01 01:12:10,COMPLETED
3264,184,29,1,2024-10-16 01:05:13,COMPLETED
3265,82,38,6,2024-09-28 02:32:22,COMPLETED
3266,174,5,10,2024-04-11 22:05:34,COMPLETED
3267,82,29,6,2024-10-15 05:44:12,COMPLETED
3268,95,32,5,2024-10-23 11:31:12,COMPLETED
3269,140,13,4,2024-08-16 01:22:19,COMPLETED
3270,177,23,7,2024-06-29 13:35:59,COMPLETED
3271,84,26,8,2024-12-03 08:42:22,COMPLETED
3272,116,10,3,2024-10-13 13:20:46,COMPLETED
3273,108,2,3,2024-11-02 03:09:54,COMPLETED
3274,162,10,7,2024-05-22 00:39:53,COMPLETED
3275,170,12,3,2024-08-18 06:34:29,CANCELLED
3276,56,7,1,2024-05-31 23:06:08,COMPLETED
3277,70,22,4,2024-01-09 10:04:42,COMPLETED
3278,41,20,9,2024-04-17 20:04:05,COMPLETED
3279,125,39,8,2024-06-17 02:30:45,COMPLETED
3280,41,32,1,2024-05-17 05:38:29,CANCELLED
3281,18,21,8,2024-08-24 01:16:16,COMPLETED
3282,61,34,8,2024-11-08 02:18:01,COMPLETED
3283,126,1,5,2024-09-02 06:05:12,COMPLETED
3284,162,20,10,2024-06-15 14:32:45,COMPLETED
3285,154,9,9,2024-04-19 11:28:17,COMPLETED
3286,96,9,6,2024-08-07 13:14:09,CANCELLED
3287,17,2,8,2024-05-23 16:43:45,COMPLETED
3288,54,21,4,2024-12-19 11:10:36,COMPLETED
3289,81,31,5,2024-08-03 12:56:07,COMPLETED
3290,85,13,3,2024-05-04 23:41:55,COMPLETED
3291,147,15,10,2024-08-24 15:53:58,COMPLETED
3292,64,32,10,2024-07-01 10:24:39,COMPLETED
3293,81,33,2,2024-05-29 04:28:31,COMPLETED
3294,160,21,2,2024-07-24 12:49:58,COMPLETED
3295,155,18,2,2024-06-23 13:30:11,COMPLETED
3296,50,18,3,2024-05-21 06:41:53,COMPLETED
3297,16,31,4,2024-03-27 17:37:02,COMPLETED
3298,84,23,10,2024-07-06 09:43:15,COMPLETED
3299,70,21,8,2024-05-02 00:15:38,COMPLETED
3300,138,13,4,2024-12-24 17:35:36,COMPLETED
3301,31,19,1,2024-10-12 15:18:32,COMPLETED
3302,135,33,5,2024-04-06 09:38:18,COMPLETED
3303,109,1,5,2024-04-11 08:35:00,COMPLETED
3304,76,2,1,2024-09-10 01:40:41,COMPLETED
3305,108,6,6,2024-06-29 13:33:00,COMPLETED
3306,38,29,7,2024-08-03 15:26:20,COMPLETED
3307,114,21,2,2024-12-29 20:34:07,COMPLETED
3308,71,13,10,2024-06-25 01:22:27,COMPLETED
3309,151,9,6,2024-01-07 14:02:36,COMPLETED
3310,84,36,8,2024-05-23 05:40:12,COMPLETED
3311,185,25,9,2024-01-10 21:21:12,COMPLETED
3312,166,21,7,2024-03-10 03:03:56,COMPLETED
3313,195,3,5,2024-05-05 20:01:51,COMPLETED
3314,146,3,9,2024-01-22 16:38:43,COMPLETED
3315,183,9,8,2024-01-25 19:23:06,CANCELLED
3316,36,10,2,2024-07-22 00:40:05,COMPLETED
3317,183,16,2,2024-10-20 01:56:13,COMPLETED
3318,92,22,2,2024-06-09 06:06:00,COMPLETED
3319,18,32,7,2024-07-30 16:48:22,COMPLETED
3320,107,26,3,2024-07-31 20:38:20,COMPLETED
3321,54,29,3,2024-02-14 18:11:59,COMPLETED
3322,67,15,4,2024-01-22 22:45:01,COMPLETED
3323,143,2,1,2024-09-06 16:17:10,COMPLETED
3324,58,31,1,2024-01-17 09:06:27,COMPLETED
3325,60,10,3,2024-07-13 09:46:47,COMPLETED
3326,100,26,1,2024-07-17 03:50:46,COMPLETED
3327,127,2,7,2024-08-01 14:39:40,COMPLETED
3328,52,38,1,2024-03-22 02:29:53,COMPLETED
3329,126,1,6,2024-09-29 13:28:32,COMPLETED
3330,95,33,3,2024-06-03 05:59:59,COMPLETED
3331,138,1,10,2024-04-19 06:59:52,COMPLETED
3332,96,33,7,2024-03-03 02:02:02,COMPLETED
3333,194,39,5,2024-05-09 21:37:59,COMPLETED
3334,67,26,2,2024-09-09 14:45:04,COMPLETED
3335,8,29,10,2024-09-09 23:34:06,COMPLETED
3336,198,26,4,2024-03-12 18:45:34,COMPLETED
3337,100,7,4,2024-03-18 17:27:52,COMPLETED
3338,189,20,4,2024-12-10 08:11:49,COMPLETED
3339,78,24,8,2024-01-22 02:44:32,COMPLETED
3340,59,37,5,2024-03-25 04:46:44,COMPLETED
3341,80,1,4,2024-11-18 04:18:47,COMPLETED
3342,86,14,8,2024-10-06 14:20:48,COMPLETED
3343,84,30,7,2024-08-21 17:18:12,COMPLETED
3344,126,31,9,2024-08-19 18:01:24,COMPLETED
3345,171,16,2,2024-08-27 08:59:15,COMPLETED
3346,1,2,10,2024-01-20 10:17:42,COMPLETED
3346,1,2,10,2024-01-20 10:17:42,COMPLETED
3347,71,1,5,2024-06-21 20:15:56,COMPLETED
3348,146,11,2,2024-01-21 19:00:31,COMPLETED
3349,166,13,7,2024-10-15 02:30:37,COMPLETED
3350,20,18,7,2024-09-10 20:14:08,COMPLETED
3351,198,3,2,2024-04-27 07:18:40,COMPLETED
3352,117,14,2,2024-12-23 01:29:18,COMPLETED
3353,175,2,8,2024-03-08 19:12:56,COMPLETED
3354,23,16,8,2024-12-03 19:02:49,COMPLETED
3355,178,36,5,2024-04-14 21:12:19,COMPLETED
3356,145,31,2,2024-10-11 01:27:33,COMPLETED
3357,56,5,7,2024-09-20 07:35:51,COMPLETED
3358,10,32,7,2024-11-18 12:21:58,COMPLETED
3359,45,1,10,2024-12-14 12:26:59,COMPLETED
3360,17,18,5,2024-10-06 04:21:42,COMPLETED
3361,69,2,5,2024-12-04 15:33:01,COMPLETED
3362,177,29,1,2024-09-09 12:08:15,COMPLETED
3363,145,28,9,2024-09-29 23:56:25,COMPLETED
3364,60,4,5,2024-05-21 09:03:00,COMPLETED
3365,95,30,8,2024-07-30 11:57:13,COMPLETED
3366,169,24,9,2024-07-29 00:18:50,COMPLETED
3367,189,23,7,2024-03-08 13:27:00,COMPLETED
3368,96,30,6,2024-10-24 23:52:41,COMPLETED
3369,173,32,9,2024-06-07 09:12:42,COMPLETED
3370,111,6,10,2024-04-08 07:59:52,COMPLETED
3371,86,23,8,2024-06-24 01:28:09,COMPLETED
3372,175,11,1,2024-05-13 09:13:15,COMPLETED
3373,161,10,10,2024-05-12 16:24:27,COMPLETED
3374,191,11,10,2024-02-24 04:25:57,CANCELLED
3375,53,26,2,2024-11-15 19:02:54,COMPLETED
3376,29,33,9,2024-01-17 07:16:02,COMPLETED
3377,148,1,5,2024-12-28 22:13:13,COMPLETED
3378,43,15,6,2024-07-08 23:29:16,COMPLETED
3379,188,24,9,2024-12-29 20:48:09,COMPLETED
3380,169,26,4,2024-08-12 02:12:39,COMPLETED
3381,105,7,4,2024-09-05 17:36:25,COMPLETED
3382,40,13,1,2024-12-12 21:04:26,COMPLETED
3383,130,7,8,2024-02-26 01:29:28,CANCELLED
3384,178,20,4,2024-10-20 12:34:18,COMPLETED
3385,54,35,2,2024-11-12 07:38:15,COMPLETED
3386,5,2,5,2024-02-17 00:30:20,COMPLETED
3387,199,5,2,2024-04-08 10:10:30,COMPLETED
3388,31,28,6,2024-09-13 22:25:10,COMPLETED
3389,179,39,5,2024-05-13 06:34:20,COMPLETED
3390,54,20,7,2024-08-28 11:54:02,COMPLETED
3391,123,40,10,2024-01-17 06:18:07,COMPLETED
3392,9,32,6,2024-05-16 12:11:20,COMPLETED
3393,180,31,7,2024-10-19 09:42:14,COMPLETED
3394,26,28,10,2024-08-28 20:58:43,COMPLETED
3395,176,32,1,2024-05-27 13:33:06,COMPLETED
3396,125,6,8,2024-04-07 22:16:04,COMPLETED
3397,22,16,2,2024-06-25 13:58:57,COMPLETED
3398,87,16,10,2024-07-01 06:00:07,COMPLETED
3399,80,36,8,2024-03-25 02:26:31,COMPLETED
3400,25,1,3,2024-08-18 11:09:35,COMPLETED
3401,200,2,9,2024-06-21 14:23:15,COMPLETED
3402,47,30,5,2024-09-27 17:43:56,COMPLETED
3403,138,4,5,2024-08-15 10:45:24,COMPLETED
3404,133,32,3,2024-12-16 09:41:20,COMPLETED
3405,42,3,5,2024-08-21 10:50:51,COMPLETED
3406,29,10,2,2024-03-18 07:57:41,COMPLETED
3407,64,1,7,2024-10-28 06:25:18,COMPLETED
3408,168,12,7,2024-01-18 00:56:29,COMPLETED
3409,58,22,10,2024-11-24 08:59:21,COMPLETED
3410,183,29,2,2024-02-09 10:24:00,COMPLETED
3411,34,39,10,2024-01-10 04:41:48,COMPLETED
3412,94,28,1,2024-10-02 02:50:55,COMPLETED
3413,178,24,9,2024-02-11 07:02:59,COMPLETED
3414,9,18,7,2024-08-04 10:14:26,COMPLETED
3415,18,5,2,2024-04-12 01:14:45,COMPLETED
3416,171,23,8,2024-06-04 20:38:18,COMPLETED
3417,63,9,2,2024-01-10 08:42:53,COMPLETED
3418,147,12,4,2024-06-22 05:58:23,COMPLETED
3419,140,24,9,2024-04-12 03:23:59,COMPLETED
3420,169,12,10,2024-06-09 11:49:22,COMPLETED
3421,11,15,4,2024-02-27 05:44:54,COMPLETED
3422,192,26,1,2024-05-24 09:58:22,COMPLETED
3423,4,8,9,2024-09-15 14:44:31,COMPLETED
3424,136,1,5,2024-12-07 21:46:46,COMPLETED
3425,82,16,8,2024-11-07 03:57:39,COMPLETED
3426,170,31,8,2024-07-04 22:07:39,COMPLETED
3427,45,25,9,2024-09-02 23:41:01,COMPLETED
3428,19,10,3,2024-11-29 03:42:02,COMPLETED
3429,195,5,8,2024-07-18 09:05:28,CANCELLED
3430,19,37,3,2024-04-05 22:50:20,COMPLETED
3431,106,24,4,2024-11-17 13:17:32,COMPLETED
3432,16,28,1,2024-12-04 03:13:14,COMPLETED
3433,102,2,4,2024-09-17 20:17:14,COMPLETED
3433,102,2,4,2024-09-17 20:17:14,COMPLETED
3434,96,26,8,2024-08-23 12:23:52,COMPLETED
3435,58,9,8,2024-08-26 19:14:38,CANCELLED
3436,131,27,3,2024-04-03 17:27:26,COMPLETED
3437,74,32,2,2024-06-17 01:26:36,COMPLETED
3438,107,5,9,2024-02-02 22:47:27,COMPLETED
3439,199,10,1,2024-05-23 12:11:11,COMPLETED
3440,72,30,6,2024-04-27 20:47:45,COMPLETED
3441,155,21,5,2024-11-28 04:42:33,CANCELLED
3442,131,32,7,2024-10-21 03:38:40,COMPLETED
3443,177,38,9,2024-12-24 15:12:54,COMPLETED
3444,154,37,3,2024-07-01 06:27:17,COMPLETED
3445,178,32,6,2024-07-25 21:29:18,COMPLETED
3446,162,5,5,2024-09-01 07:50:10,COMPLETED
3447,70,19,10,2024-07-18 10:20:01,COMPLETED
3448,83,16,10,2024-03-15 06:44:01,COMPLETED
3449,79,13,6,2024-07-20 01:03:01,COMPLETED
3450,72,17,10,2024-06-13 14:33:02,COMPLETED
3451,49,40,3,2024-11-07 13:27:35,COMPLETED
3452,76,13,6,2024-10-03 18:06:34,COMPLETED
3453,83,14,8,2024-08-13 22:17:38,COMPLETED
3454,31,19,4,2024-03-20 21:34:41,COMPLETED
3455,163,22,3,2024-12-10 13:59:10,COMPLETED
3456,128,24,4,2024-06-01 02:15:30,COMPLETED
3457,70,37,8,2024-07-27 17:00:40,COMPLETED
3458,66,39,2,2024-04-08 01:48:11,COMPLETED
3459,97,36,7,2024-01-02 06:27:04,COMPLETED
3460,66,32,8,2024-12-29 00:30:39,CANCELLED
3461,150,18,9,2024-08-08 09:03:04,COMPLETED
3462,69,4,7,2024-08-31 22:26:05,CANCELLED
3463,153,7,8,2024-06-18 18:44:25,COMPLETED
3464,31,9,3,2024-02-17 17:39:56,COMPLETED
3465,14,3,2,2024-04-17 17:08:43,COMPLETED
3466,138,18,3,2024-10-31 10:12:14,COMPLETED
3467,191,28,4,2024-01-16 12:14:36,COMPLETED
3468,146,4,1,2024-02-13 06:37:18,COMPLETED
3469,160,18,5,2024-06-15 22:03:03,COMPLETED
3470,57,40,10,2024-08-09 14:32:12,COMPLETED
3471,142,23,4,2024-02-28 21:58:24,COMPLETED
3472,150,21,4,2024-03-07 17:41:11,COMPLETED
3473,99,14,9,2024-08-27 08:18:03,COMPLETED
3474,42,6,10,2024-10-14 13:33:04,COMPLETED
3475,70,32,2,2024-02-07 03:50:10,COMPLETED
3476,105,15,4,2024-06-27 10:54:43,COMPLETED
3477,45,15,5,2024-02-11 16:55:06,COMPLETED
3478,172,20,7,2024-08-13 02:36:49,COMPLETED
3479,99,29,4,2024-03-31 04:04:52,COMPLETED
3480,21,27,8,2024-06-20 20:39:20,COMPLETED
3481,99,40,7,2024-01-09 22:37:24,COMPLETED
3482,70,14,8,2024-06-18 13:52:32,COMPLETED
3483,135,22,6,2024-01-09 01:05:07,COMPLETED
3484,158,25,8,2024-08-23 13:29:32,COMPLETED
3485,37,5,10,2024-11-21 00:50:37,COMPLETED
3486,97,11,7,2024-03-21 10:36:00,COMPLETED
3487,91,26,5,2024-04-06 14:39:50,COMPLETED
3488,60,25,10,2024-12-06 21:02:30,COMPLETED
3489,7,37,4,2024-09-07 16:17:02,COMPLETED
3490,116,2,7,2024-08-10 00:13:29,COMPLETED
3491,98,2,8,2024-06-18 10:32:05,COMPLETED
3492,109,6,7,2024-04-09 00:04:48,COMPLETED
3493,69,24,5,2024-07-04 20:13:47,COMPLETED
3494,57,38,9,2024-08-20 16:03:55,COMPLETED
3494,57,38,9,2024-08-20 16:03:55,COMPLETED
3495,51,3,7,2024-05-21 14:03:21,COMPLETED
3496,59,6,3,2024-02-05 21:00:50,COMPLETED
3497,142,4,5,2024-01-31 18:42:48,COMPLETED
3498,66,29,3,2024-04-23 20:22:56,COMPLETED
3499,112,18,3,2024-03-29 23:15:40,COMPLETED
3500,43,34,2,2024-03-31 00:40:41,COMPLETED
3500,43,34,2,2024-03-31 00:40:41,COMPLETED
3501,159,4,10,2024-09-11 05:31:06,COMPLETED
3502,190,12,5,2024-07-31 19:09:26,COMPLETED
3503,109,11,4,2024-01-07 16:08:45,COMPLETED
3504,51,39,2,2024-01-27 04:02:48,COMPLETED
3505,69,12,9,2024-02-18 05:02:35,COMPLETED
3506,142,24,3,2024-02-29 07:26:26,COMPLETED
3507,48,16,1,2024-05-06 09:40:24,COMPLETED
3508,197,18,9,2024-11-11 20:33:33,COMPLETED
3509,130,4,7,2024-02-22 09:49:00,COMPLETED
3510,121,10,3,2024-04-03 22:54:34,COMPLETED
3511,95,37,5,2024-06-28 13:55:44,COMPLETED
3512,45,8,4,2024-03-03 22:45:33,COMPLETED
3513,194,3,2,2024-05-26 13:51:24,COMPLETED
3514,74,30,9,2024-11-06 05:42:37,COMPLETED
3515,194,26,9,2024-07-29 06:51:23,COMPLETED
3516,135,30,9,2024-05-17 10:55:04,COMPLETED
3517,148,26,5,2024-07-22 07:05:52,CANCELLED
3518,43,33,8,2024-02-19 00:38:26,COMPLETED
3518,43,33,8,2024-02-19 00:38:26,COMPLETED
3519,53,5,10,2024-05-22 17:21:36,COMPLETED
3520,30,39,7,2024-05-28 13:49:55,COMPLETED
3521,96,2,6,2024-07-08 05:14:03,COMPLETED
3522,5,14,7,2024-10-28 00:11:42,COMPLETED
3523,38,29,10,2024-11-03 00:13:13,COMPLETED
3524,36,20,7,2024-04-04 22:49:42,COMPLETED
3525,59,29,5,2024-07-08 01:04:46,COMPLETED
3526,183,30,6,2024-12-08 16:24:35,COMPLETED
3527,34,27,1,2024-04-05 06:58:36,CANCELLED
3528,164,7,5,2024-05-25 06:15:53,COMPLETED
3529,120,25,7,2024-01-31 08:09:48,COMPLETED
3530,91,33,9,2024-07-04 06:58:11,COMPLETED
3531,123,5,6,2024-05-08 17:21:36,COMPLETED
3532,130,11,1,2024-02-09 08:12:35,COMPLETED
3533,183,36,5,2024-01-24 06:11:13,COMPLETED
3534,56,34,6,2024-01-10 08:59:58,COMPLETED
3535,86,40,8,2024-05-14 17:34:56,COMPLETED
3536,73,24,1,2024-11-07 03:56:54,COMPLETED
3537,32,29,8,2024-06-17 07:39:25,COMPLETED
3538,10,36,10,2024-07-15 11:46:29,COMPLETED
3539,40,25,6,2024-09-13 13:23:23,COMPLETED
3540,188,18,3,2024-02-25 05:30:17,COMPLETED
3541,51,6,10,2024-05-29 02:06:35,COMPLETED
3542,57,3,1,2024-04-27 15:19:42,COMPLETED
3543,35,13,7,2024-08-09 02:12:46,COMPLETED
3544,39,28,9,2024-08-08 15:53:06,COMPLETED
3545,54,1,2,2024-03-04 10:55:06,COMPLETED
3546,68,31,2,2024-03-26 02:06:29,COMPLETED
3547,43,32,2,2024-02-01 01:22:12,COMPLETED
3548,88,40,6,2024-11-26 08:06:32,COMPLETED
3549,67,37,9,2024-07-31 19:02:04,COMPLETED
3550,190,22,6,2024-07-23 13:17:06,COMPLETED
3551,175,38,9,2024-09-22 02:18:23,COMPLETED
3552,153,16,4,2024-11-12 11:42:55,COMPLETED
3553,124,18,6,2024-07-16 14:41:10,COMPLETED
3554,186,26,1,2024-08-17 18:58:37,COMPLETED
3555,66,7,3,2024-08-03 13:06:22,COMPLETED
3556,57,16,8,2024-12-17 12:50:21,COMPLETED
3557,26,35,9,2024-05-20 23:20:20,COMPLETED
3558,103,27,10,2024-05-08 15:07:48,COMPLETED
3559,63,11,10,2024-07-05 20:51:49,CANCELLED
3560,170,5,6,2024-12-25 16:06:21,COMPLETED
3561,112,26,7,2024-02-29 19:48:44,COMPLETED
3562,8,22,6,2024-02-15 21:56:59,COMPLETED
3563,125,32,7,2024-08-16 12:30:07,COMPLETED
3564,111,16,5,2024-04-04 11:07:21,COMPLETED
3565,43,22,3,2024-08-20 05:35:51,COMPLETED
3566,97,6,2,2024-02-01 21:10:46,COMPLETED
3566,97,6,2,2024-02-01 21:10:46,COMPLETED
3567,189,1,3,2024-07-28 20:37:03,COMPLETED
3568,24,10,1,2024-01-01 19:27:16,COMPLETED
3569,9,9,5,2024-11-23 14:44:00,COMPLETED
3570,176,23,10,2024-02-03 23:44:50,COMPLETED
3571,80,22,2,2024-01-16 02:58:04,CANCELLED
3572,22,3,10,2024-01-01 01:59:10,COMPLETED
3573,50,11,7,2024-11-16 02:00:58,CANCELLED
3574,28,18,10,2024-04-23 04:18:35,COMPLETED
3575,135,5,10,2024-04-20 11:13:05,COMPLETED
3576,119,39,5,2024-03-02 03:01:07,COMPLETED
3577,180,33,2,2024-07-11 18:55:40,COMPLETED
3578,177,19,1,2024-06-01 18:41:34,COMPLETED
3579,171,11,8,2024-11-10 16:16:16,COMPLETED
3580,131,20,5,2024-09-10 18:57:46,COMPLETED
3581,103,27,4,2024-11-04 11:00:59,CANCELLED
3582,80,21,4,2024-04-03 11:18:43,COMPLETED
3583,181,10,1,2024-01-31 20:33:24,COMPLETED
3584,31,10,2,2024-06-23 08:14:22,COMPLETED
3585,186,5,5,2024-10-26 04:20:17,COMPLETED
3586,82,38,4,2024-10-06 02:12:53,COMPLETED
3587,105,8,9,2024-10-10 06:19:06,COMPLETED
3588,182,14,8,2024-09-11 20:03:23,COMPLETED
3589,41,26,4,2024-05-14 00:25:52,COMPLETED
3590,9,17,7,2024-03-13 10:53:18,COMPLETED
3591,119,26,6,2024-06-23 14:41:23,COMPLETED
3592,84,28,6,2024-12-21 13:00:55,COMPLETED
3593,180,12,1,2024-12-03 13:17:25,COMPLETED
3594,65,27,2,2024-07-08 02:10:58,COMPLETED
3595,86,10,1,2024-12-09 09:31:10,COMPLETED
3596,132,39,8,2024-04-17 21:51:51,CANCELLED
3597,185,12,7,2024-01-15 22:22:17,COMPLETED
3598,162,24,6,2024-11-06 18:29:05,COMPLETED
3599,87,1,2,2024-07-06 12:00:24,COMPLETED
3600,129,13,4,2024-02-27 09:39:01,COMPLETED
3601,169,33,5,2024-07-25 04:03:31,COMPLETED
3602,136,38,10,2024-12-25 20:20:06,COMPLETED
3603,112,3,8,2024-10-06 06:33:53,COMPLETED
3603,112,3,8,2024-10-06 06:33:53,COMPLETED
3604,75,35,8,2024-01-18 06:53:50,COMPLETED
3605,5,27,10,2024-08-31 12:27:42,CANCELLED
3606,17,31,7,2024-12-26 19:21:31,COMPLETED
3607,156,37,4,2024-12-24 11:49:04,COMPLETED
3608,152,15,8,2024-04-12 19:11:15,COMPLETED
3609,167,3,4,2024-09-16 14:14:23,CANCELLED
3610,66,26,5,2024-01-02 15:56:21,COMPLETED
3611,11,15,8,2024-04-02 19:27:17,COMPLETED
3612,111,4,2,2024-11-07 14:49:40,COMPLETED
3613,138,35,7,2024-01-07 08:19:53,COMPLETED
3614,188,20,10,2024-09-14 14:32:11,COMPLETED
3615,149,14,9,2024-09-13 19:39:22,COMPLETED
3616,200,8,4,2024-12-25 11:29:20,CANCELLED
3617,144,22,3,2024-07-30 16:21:27,COMPLETED
3618,4,28,2,2024-05-07 16:24:12,COMPLETED
3619,123,2,2,2024-02-20 10:32:44,CANCELLED
3620,188,17,3,2024-09-12 07:56:41,COMPLETED
3621,66,27,3,2024-12-17 20:06:30,COMPLETED
3622,187,11,6,2024-02-07 21:44:17,COMPLETED
3623,74,20,9,2024-09-25 13:46:58,COMPLETED
3624,18,5,3,2024-12-05 03:00:40,COMPLETED
3625,1,16,2,2024-10-29 09:40:57,COMPLETED
3626,195,18,3,2024-02-14 00:41:31,COMPLETED
3627,87,8,9,2024-10-24 11:38:07,COMPLETED
3628,137,30,9,2024-02-17 10:01:52,COMPLETED
3629,158,18,2,2024-05-18 08:34:30,COMPLETED
3630,91,12,7,2024-11-09 06:04:28,COMPLETED
3631,65,2,10,2024-11-08 09:19:17,CANCELLED
3632,197,6,2,2024-03-04 00:40:20,COMPLETED
3633,42,34,9,2024-03-16 09:47:58,COMPLETED
3634,194,23,1,2024-05-12 02:42:52,COMPLETED
3635,194,28,2,2024-11-09 12:20:55,COMPLETED
3636,104,14,3,2024-03-14 20:16:03,COMPLETED
3637,124,38,2,2024-10-16 04:39:10,COMPLETED
3638,169,32,9,2024-10-26 08:44:25,COMPLETED
3639,83,24,4,2024-12-15 12:20:00,COMPLETED
3640,116,13,1,2024-08-09 17:32:23,COMPLETED
3641,171,24,6,2024-06-10 09:03:16,COMPLETED
3642,2,21,8,2024-02-03 02:21:25,COMPLETED
3643,25,39,9,2024-08-06 00:44:30,COMPLETED
3644,152,9,8,2024-07-10 23:37:59,COMPLETED
3645,142,22,2,2024-08-30 16:55:26,COMPLETED
3646,164,21,4,2024-05-01 04:35:34,COMPLETED
3647,109,19,1,2024-11-29 11:15:45,COMPLETED
3648,77,9,5,2024-11-12 18:48:47,COMPLETED
3649,40,18,6,2024-11-26 00:07:22,COMPLETED
3650,20,34,6,2024-01-30 04:05:29,COMPLETED
3651,190,20,7,2024-01-09 19:52:47,COMPLETED
3652,73,21,3,2024-10-03 10:27:35,COMPLETED
3653,36,34,10,2024-08-20 20:10:23,COMPLETED
3654,93,8,2,2024-04-12 14:31:15,COMPLETED
3655,82,8,3,2024-08-11 20:32:35,COMPLETED
3656,21,15,1,2024-04-17 09:18:20,COMPLETED
3657,195,36,9,2024-12-20 13:31:37,COMPLETED
3658,183,36,10,2024-12-03 23:47:16,COMPLETED
3659,77,36,5,2024-02-09 00:07:43,COMPLETED
3660,193,3,5,2024-12-22 20:11:37,COMPLETED
3661,24,22,5,2024-10-14 19:29:59,COMPLETED
3662,18,7,10,2024-01-02 13:22:14,COMPLETED
3663,123,3,8,2024-11-10 09:05:32,COMPLETED
3664,139,7,5,2024-03-02 16:11:16,COMPLETED
3665,144,16,2,2024-05-09 17:41:28,COMPLETED
3666,167,37,2,2024-09-01 23:50:40,COMPLETED
3667,121,14,3,2024-03-06 18:38:20,COMPLETED
3668,175,33,4,2024-06-07 10:00:04,COMPLETED
3669,134,18,10,2024-11-04 14:46:38,COMPLETED
3670,49,32,9,2024-04-02 09:29:52,COMPLETED
3671,55,40,7,2024-03-15 17:58:01,COMPLETED
3672,75,23,3,2024-06-06 02:24:18,CANCELLED
3673,106,38,5,2024-04-14 14:37:09,COMPLETED
3674,32,27,5,2024-09-08 18:56:40,COMPLETED
3675,1,8,7,2024-08-17 10:04:16,COMPLETED
3676,65,9,10,2024-03-12 14:20:25,COMPLETED
3677,149,8,4,2024-02-21 10:30:36,COMPLETED
3678,60,16,1,2024-10-10 23:46:01,COMPLETED
3679,102,9,4,2024-04-17 09:37:26,CANCELLED
3680,148,1,4,2024-10-05 13:07:43,COMPLETED
3681,179,1,7,2024-02-11 12:52:49,COMPLETED
3682,115,10,3,2024-10-08 07:05:51,COMPLETED
3683,32,24,6,2024-06-08 15:58:47,COMPLETED
3684,133,18,8,2024-09-14 12:43:26,COMPLETED
3685,163,10,4,2024-05-31 03:42:35,COMPLETED
3686,171,16,8,2024-07-08 21:00:15,CANCELLED
3687,112,4,5,2024-01-02 04:29:49,COMPLETED
3688,41,4,1,2024-10-17 14:53:17,COMPLETED
3689,75,14,7,2024-02-12 21:09:22,COMPLETED
3690,37,19,5,2024-03-09 18:19:10,COMPLETED
3691,4,31,9,2024-01-26 08:35:37,COMPLETED
3692,90,20,4,2024-06-23 12:10:51,COMPLETED
3693,71,31,7,2024-04-14 17:13:20,COMPLETED
3694,57,29,3,2024-01-07 15:48:36,COMPLETED
3695,166,32,7,2024-03-26 00:02:35,CANCELLED
3696,142,33,3,2024-02-12 15:38:15,COMPLETED
3697,95,34,5,2024-09-24 22:24:26,COMPLETED
3698,169,34,5,2024-10-16 20:58:46,COMPLETED
3699,17,37,2,2024-04-03 16:23:13,COMPLETED
3700,65,16,9,2024-11-28 09:06:05,COMPLETED
3701,136,12,8,2024-07-24 04:22:19,COMPLETED
3702,6,21,9,2024-06-12 00:07:52,COMPLETED
3703,1,31,4,2024-03-13 18:25:56,COMPLETED
3704,79,28,5,2024-09-27 07:26:28,COMPLETED
3705,151,13,7,2024-09-17 03:19:35,COMPLETED
3706,155,37,10,2024-05-18 14:25:57,COMPLETED
3707,121,40,4,2024-12-11 17:47:50,COMPLETED
3708,12,22,6,2024-07-02 01:36:56,COMPLETED
3709,137,22,8,2024-03-29 09:10:39,COMPLETED
3710,144,2,2,2024-02-10 01:49:22,COMPLETED
3711,36,15,7,2024-12-02 12:50:45,COMPLETED
3712,120,27,9,2024-10-13 20:23:39,COMPLETED
3713,175,36,8,2024-10-06 00:15:43,COMPLETED
3714,189,14,4,2024-05-24 00:49:26,COMPLETED
3715,66,1,10,2024-06-07 21:26:39,COMPLETED
3716,72,38,8,2024-12-12 20:19:15,COMPLETED
3717,88,16,10,2024-02-16 03:06:05,COMPLETED
3718,65,39,9,2024-10-16 21:07:03,COMPLETED
3719,195,16,1,2024-07-03 20:45:27,COMPLETED
3720,139,11,1,2024-12-25 17:04:21,COMPLETED
3721,56,27,6,2024-02-08 20:56:22,COMPLETED
3722,150,15,10,2024-04-17 20:04:17,COMPLETED
3723,179,23,6,2024-10-19 13:31:12,COMPLETED
3724,179,11,1,2024-10-13 23:03:13,COMPLETED
3725,161,37,1,2024-09-16 03:40:25,COMPLETED
3726,45,11,4,2024-10-13 09:45:54,COMPLETED
3727,46,13,4,2024-03-17 18:10:54,COMPLETED
3728,118,4,8,2024-03-28 14:58:44,COMPLETED
3729,9,8,4,2024-05-22 09:21:17,COMPLETED
3730,195,20,7,2024-02-29 18:43:36,COMPLETED
3731,41,31,7,2024-01-03 23:02:58,COMPLETED
3732,9,35,3,2024-09-22 19:26:23,COMPLETED
3733,108,7,2,2024-10-23 20:53:17,COMPLETED
3734,19,10,7,2024-02-12 02:43:53,COMPLETED
3735,180,11,5,2024-10-04 04:08:17,COMPLETED
3736,143,34,10,2024-12-15 03:03:17,CANCELLED
3737,150,22,8,2024-03-02 03:02:52,COMPLETED
3738,153,35,10,2024-03-24 17:25:18,CANCELLED
3739,109,12,10,2024-11-20 22:30:58,COMPLETED
3740,72,21,5,2024-08-23 10:57:05,COMPLETED
3741,188,2,4,2024-06-06 14:28:50,COMPLETED
3742,198,35,8,2024-12-26 02:34:25,COMPLETED
3743,149,8,3,2024-12-15 20:21:10,COMPLETED
3744,189,35,2,2024-08-05 12:10:57,COMPLETED
3745,167,38,3,2024-01-21 12:25:37,COMPLETED
3746,138,15,3,2024-04-03 09:27:47,CANCELLED
3747,131,39,9,2024-12-09 11:24:04,COMPLETED
3748,138,36,2,2024-05-11 16:45:09,COMPLETED
3749,24,17,5,2024-05-08 23:10:16,COMPLETED
3750,46,3,7,2024-07-09 11:52:09,COMPLETED
3751,53,9,4,2024-09-28 09:03:35,COMPLETED
3752,133,10,10,2024-06-20 18:58:44,COMPLETED
3753,185,35,2,2024-10-13 12:14:43,COMPLETED
3754,118,11,5,2024-11-25 00:43:02,COMPLETED
3755,9,1,1,2024-10-28 02:21:33,COMPLETED
3755,9,1,1,2024-10-28 02:21:33,COMPLETED
3756,7,2,2,2024-05-05 05:53:10,COMPLETED
3757,191,38,2,2024-02-02 02:11:30,COMPLETED
3758,124,7,8,2024-10-31 08:08:39,COMPLETED
3759,166,24,1,2024-11-01 19:42:47,COMPLETED
3760,155,2,3,2024-05-17 05:20:16,COMPLETED
3761,173,8,9,2024-09-07 17:29:37,COMPLETED
3762,75,17,3,2024-02-03 00:38:03,COMPLETED
3763,38,39,10,2024-07-28 17:17:21,COMPLETED
3764,126,34,2,2024-02-28 11:28:54,COMPLETED
3765,196,19,9,2024-08-29 10:14:39,COMPLETED
3766,81,25,8,2024-01-16 16:23:54,COMPLETED
3767,120,2,1,2024-08-20 17:03:26,COMPLETED
3768,170,17,4,2024-05-26 18:14:36,COMPLETED
3769,88,6,6,2024-10-08 03:13:47,COMPLETED
3770,136,10,7,2024-05-26 16:36:59,COMPLETED
3771,61,27,3,2024-11-05 19:06:14,COMPLETED
3772,59,21,6,2024-09-13 19:59:08,COMPLETED
3773,80,11,10,2024-05-25 18:17:14,COMPLETED
3774,142,3,8,2024-01-21 14:20:17,COMPLETED
3775,62,27,10,2024-11-28 10:44:13,COMPLETED
3776,118,40,6,2024-11-01 10:55:39,CANCELLED
3777,198,40,9,2024-03-12 18:08:52,COMPLETED
3778,16,18,1,2024-12-26 10:52:43,COMPLETED
3779,101,17,9,2024-02-18 06:13:43,COMPLETED
3780,136,1,5,2024-08-30 22:48:48,COMPLETED
3781,165,12,9,2024-07-02 22:39:40,COMPLETED
3782,64,34,4,2024-05-26 20:02:05,COMPLETED
3783,49,34,2,2024-06-04 05:33:18,COMPLETED
3784,40,5,3,2024-09-27 13:11:51,COMPLETED
3785,174,19,3,2024-07-21 14:48:54,COMPLETED
3786,172,20,7,2024-04-25 13:42:33,COMPLETED
3787,63,27,3,2024-05-23 00:23:58,COMPLETED
3788,136,28,4,2024-02-10 10:12:57,COMPLETED
3789,200,17,2,2024-06-28 09:49:42,COMPLETED
3790,100,19,7,2024-03-01 20:17:20,COMPLETED
3791,193,24,5,2024-12-02 10:15:13,COMPLETED
3792,48,26,4,2024-10-07 01:21:50,COMPLETED
3793,88,35,3,2024-04-24 02:43:22,COMPLETED
3794,187,2,2,2024-07-01 11:09:07,COMPLETED
3795,106,18,5,2024-07-18 05:19:17,COMPLETED
3796,136,33,1,2024-10-26 19:54:19,COMPLETED
3797,28,24,4,2024-08-03 23:08:14,COMPLETED
3798,133,12,5,2024-05-08 18:16:53,COMPLETED
3799,35,30,10,2024-11-19 00:30:11,COMPLETED
3800,173,22,1,2024-04-22 12:09:51,COMPLETED
3801,15,19,4,2024-03-20 11:22:54,CANCELLED
3802,54,23,4,2024-11-17 18:25:05,COMPLETED
3803,151,21,2,2024-06-02 07:03:25,COMPLETED
3804,37,7,2,2024-02-06 17:30:06,COMPLETED
3805,117,34,8,2024-10-07 02:33:11,COMPLETED
3806,32,35,1,2024-08-23 12:35:03,CANCELLED
3807,62,38,2,2024-09-02 00:10:05,COMPLETED
3807,62,38,2,2024-09-02 00:10:05,COMPLETED
3808,127,14,3,2024-06-06 06:49:20,COMPLETED
3809,58,3,7,2024-11-27 23:26:22,COMPLETED
3810,20,6,10,2024-10-22 16:19:47,COMPLETED
3811,195,21,7,2024-02-07 00:19:58,COMPLETED
3812,129,27,9,2024-10-06 17:33:09,COMPLETED
3813,3,1,3,2024-03-22 01:15:29,COMPLETED
3814,8,38,2,2024-05-09 22:35:26,COMPLETED
3815,29,36,3,2024-11-21 06:58:03,COMPLETED
3816,4,16,7,2024-05-09 15:43:32,COMPLETED
3817,180,32,5,2024-10-10 05:12:23,COMPLETED
3818,153,8,7,2024-12-22 00:00:12,COMPLETED
3819,159,14,7,2024-05-22 21:07:18,COMPLETED
3820,89,9,1,2024-01-30 14:43:10,COMPLETED
3821,19,8,9,2024-09-05 06:36:01,COMPLETED
3822,74,7,9,2024-04-23 11:54:24,COMPLETED
3823,102,34,8,2024-05-13 04:31:42,COMPLETED
3824,151,9,7,2024-03-16 14:47:26,COMPLETED
3825,186,11,4,2024-08-23 13:37:35,COMPLETED
3826,38,5,4,2024-06-24 06:20:44,COMPLETED
3827,87,27,2,2024-02-05 19:35:48,COMPLETED
3828,10,19,3,2024-07-20 19:46:15,COMPLETED
3829,192,3,6,2024-09-01 20:28:49,COMPLETED
3830,87,16,8,2024-12-29 08:21:09,COMPLETED
3831,112,3,9,2024-09-26 09:37:30,COMPLETED
3832,192,9,7,2024-10-30 00:59:10,COMPLETED
3833,11,13,1,2024-07-21 01:08:33,COMPLETED
3834,93,25,7,2024-12-09 12:30:23,COMPLETED
3835,196,2,7,2024-02-29 19:18:27,COMPLETED
3836,19,21,4,2024-02-08 19:33:42,CANCELLED
3837,197,14,5,2024-12-14 13:14:48,COMPLETED
3838,14,28,9,2024-08-01 17:05:15,COMPLETED
3839,147,7,8,2024-08-31 06:16:07,COMPLETED
3840,109,36,3,2024-08-29 05:48:17,COMPLETED
3841,135,17,5,2024-10-18 03:22:07,CANCELLED
3842,30,16,5,2024-12-14 02:41:07,COMPLETED
3843,136,29,4,2024-05-13 01:20:59,COMPLETED
3844,123,36,9,2024-02-23 00:13:41,COMPLETED
3845,55,15,6,2024-08-26 15:38:05,COMPLETED
3846,14,7,6,2024-06-24 08:36:03,COMPLETED
3847,5,39,1,2024-07-16 01:18:21,COMPLETED
3848,145,38,2,2024-11-07 23:10:23,COMPLETED
3849,147,12,1,2024-10-04 13:02:47,CANCELLED
3850,66,38,3,2024-06-05 10:52:52,COMPLETED
3851,181,37,10,2024-08-31 02:23:34,COMPLETED
3852,160,37,7,2024-12-03 17:04:22,COMPLETED
3853,76,36,10,2024-10-21 23:00:11,COMPLETED
3854,187,30,2,2024-12-11 07:29:29,COMPLETED
3855,38,35,6,2024-08-12 23:16:37,COMPLETED
3856,146,16,3,2024-05-08 07:07:14,COMPLETED
3857,76,2,9,2024-12-10 14:35:36,COMPLETED
3858,159,13,3,2024-12-11 20:25:53,COMPLETED
3859,48,15,5,2024-10-30 03:02:57,COMPLETED
3860,111,26,10,2024-08-05 10:10:07,CANCELLED
3861,15,27,10,2024-09-28 17:28:04,COMPLETED
3862,143,31,3,2024-06-03 13:34:15,COMPLETED
3863,118,27,1,2024-09-06 07:16:36,COMPLETED
3864,192,14,5,2024-08-06 03:02:50,CANCELLED
3865,186,15,9,2024-08-23 15:08:36,COMPLETED
3866,172,39,6,2024-09-09 12:12:22,COMPLETED
3867,134,9,9,2024-10-20 23:51:54,COMPLETED
3868,73,1,6,2024-06-07 05:54:57,COMPLETED
3869,31,10,10,2024-08-24 21:40:38,COMPLETED
3870,8,36,3,2024-06-06 18:20:48,COMPLETED
3871,92,35,3,2024-06-17 14:31:48,COMPLETED
3872,24,36,7,2024-08-10 11:56:19,COMPLETED
3873,105,5,4,2024-01-06 19:11:11,COMPLETED
3874,110,7,3,2024-10-24 16:12:50,COMPLETED
3875,136,21,10,2024-05-10 19:41:33,CANCELLED
3876,193,8,5,2024-11-23 12:11:55,COMPLETED
3877,69,26,9,2024-02-27 20:20:01,COMPLETED
3878,198,20,9,2024-04-15 14:18:18,COMPLETED
3879,11,2,3,2024-07-04 19:10:21,COMPLETED
3880,1,1,9,2024-06-17 15:29:09,COMPLETED
3881,100,5,1,2024-02-15 08:30:18,COMPLETED
3882,196,25,9,2024-03-19 11:19:24,COMPLETED
3883,172,13,10,2024-05-10 00:56:38,COMPLETED
3884,7,4,2,2024-05-25 17:02:15,COMPLETED
3885,157,18,2,2024-04-23 19:16:48,COMPLETED
3886,19,21,1,2024-06-24 23:32:31,COMPLETED
3887,46,34,4,2024-12-04 14:08:37,COMPLETED
3888,114,27,3,2024-01-20 12:49:20,COMPLETED
3889,57,18,5,2024-01-07 12:45:15,COMPLETED
3890,113,29,10,2024-04-19 07:46:44,COMPLETED
3891,15,29,3,2024-10-08 23:00:29,COMPLETED
3892,106,9,10,2024-02-23 06:43:56,COMPLETED
3893,143,6,8,2024-10-08 13:22:46,COMPLETED
3894,122,25,1,2024-03-03 12:21:57,COMPLETED
3895,155,5,5,2024-01-09 19:54:22,COMPLETED
3896,135,35,5,2024-01-27 01:57:31,CANCELLED
3897,51,13,8,2024-03-31 03:27:03,COMPLETED
3898,34,21,6,2024-10-04 15:31:37,CANCELLED
3899,52,23,7,2024-02-12 05:16:52,COMPLETED
3900,21,30,1,2024-03-20 13:57:54,COMPLETED
3901,43,7,2,2024-08-22 03:41:18,COMPLETED
3902,98,8,4,2024-10-18 09:39:14,COMPLETED
3903,132,21,3,2024-06-30 15:32:17,COMPLETED
3904,147,23,7,2024-02-17 02:15:51,COMPLETED
3905,115,5,9,2024-04-25 05:42:24,COMPLETED
3906,152,4,3,2024-12-01 18:15:51,COMPLETED
3907,13,10,7,2024-04-24 04:25:56,COMPLETED
3908,25,28,5,2024-04-20 14:09:40,CANCELLED
3909,61,29,4,2024-09-21 21:09:18,COMPLETED
3910,27,26,8,2024-07-26 10:56:07,COMPLETED
3911,37,30,8,2024-09-16 03:27:59,COMPLETED
3912,48,5,1,2024-11-19 21:03:02,COMPLETED
3913,24,32,10,2024-07-27 06:09:22,COMPLETED
3914,27,13,5,2024-07-20 17:23:13,CANCELLED
3915,108,11,10,2024-07-31 02:15:16,COMPLETED
3916,126,39,8,2024-03-31 19:46:30,COMPLETED
3917,60,35,4,2024-12-06 10:54:20,COMPLETED
3918,132,12,9,2024-09-21 16:20:10,CANCELLED
3919,105,2,6,2024-03-29 21:34:47,COMPLETED
3920,116,2,8,2024-11-01 02:23:39,COMPLETED
3921,140,28,7,2024-09-21 09:00:22,CANCELLED
3922,31,30,8,2024-09-28 21:30:45,COMPLETED
3923,128,16,7,2024-07-20 06:41:42,COMPLETED
3924,38,1,6,2024-10-23 21:59:32,COMPLETED
3925,139,10,2,2024-09-12 21:29:28,COMPLETED
3926,47,15,6,2024-05-07 08:09:42,COMPLETED
3927,23,26,6,2024-01-06 18:14:44,COMPLETED
3928,139,29,2,2024-09-23 16:57:02,COMPLETED
3929,146,10,2,2024-07-22 01:11:53,COMPLETED
3930,45,5,10,2024-02-23 21:11:19,COMPLETED
3931,102,30,10,2024-01-16 07:33:32,COMPLETED
3932,137,18,4,2024-06-15 23:31:39,COMPLETED
3933,139,19,9,2024-12-03 03:04:12,COMPLETED
3934,41,9,1,2024-11-26 10:42:22,COMPLETED
3935,9,39,4,2024-09-14 05:12:35,COMPLETED
3936,111,39,5,2024-07-16 00:56:57,CANCELLED
3937,166,9,5,2024-12-08 17:24:49,COMPLETED
3938,189,40,9,2024-08-02 23:22:29,COMPLETED
3939,166,6,5,2024-05-14 16:13:04,COMPLETED
3940,140,33,8,2024-11-10 16:09:53,COMPLETED
3941,10,29,2,2024-05-18 14:54:07,CANCELLED
3942,61,35,7,2024-06-22 19:44:24,COMPLETED
3943,51,35,3,2024-01-11 04:22:06,CANCELLED
3944,116,18,7,2024-10-30 00:26:16,COMPLETED
3945,158,5,8,2024-07-11 04:47:09,COMPLETED
3946,127,25,9,2024-02-28 05:19:42,COMPLETED
3947,148,28,9,2024-07-12 02:28:58,COMPLETED
3948,40,9,6,2024-07-19 10:33:28,COMPLETED
3949,127,3,9,2024-05-03 14:20:27,COMPLETED
3950,1,26,3,2024-09-21 23:51:28,COMPLETED
3951,61,24,1,2024-09-27 02:32:42,COMPLETED
3952,8,24,7,2024-05-27 22:36:38,COMPLETED
3953,85,30,10,2024-01-15 21:07:44,COMPLETED
3954,32,11,5,2024-12-15 10:26:02,COMPLETED
3955,200,22,6,2024-04-14 04:56:47,COMPLETED
3956,135,26,8,2024-08-18 12:42:20,COMPLETED
3957,36,23,10,2024-04-24 05:48:21,COMPLETED
3958,64,9,9,2024-10-14 03:20:22,COMPLETED
3959,69,26,4,2024-12-02 10:25:40,CANCELLED
3960,140,37,2,2024-05-12 02:45:50,COMPLETED
3961,67,6,6,2024-03-13 11:15:17,COMPLETED
3962,87,31,3,2024-12-20 22:40:02,CANCELLED
3963,100,11,10,2024-03-07 17:49:30,COMPLETED
3964,151,15,4,2024-05-13 08:01:16,COMPLETED
3965,176,24,2,2024-03-27 19:40:15,COMPLETED
3966,130,7,9,2024-10-02 23:24:52,COMPLETED
3967,94,2,8,2024-07-20 12:49:28,COMPLETED
3968,99,36,6,2024-01-07 01:42:16,COMPLETED
3969,194,32,5,2024-11-16 08:16:15,COMPLETED
3970,2,13,5,2024-08-31 22:34:29,COMPLETED
3971,173,33,10,2024-01-29 22:28:48,CANCELLED
3972,29,31,10,2024-07-07 01:31:43,COMPLETED
3973,51,34,6,2024-08-14 00:25:06,COMPLETED
3974,10,6,6,2024-03-22 15:04:27,COMPLETED
3975,23,21,5,2024-06-25 04:34:25,COMPLETED
3976,84,13,2,2024-03-25 02:49:11,COMPLETED
3977,94,40,4,2024-11-13 12:00:50,COMPLETED
3978,187,34,2,2024-04-02 11:42:28,COMPLETED
3979,115,21,1,2024-01-07 05:39:35,CANCELLED
3980,69,10,2,2024-04-20 02:12:50,CANCELLED
3981,23,3,6,2024-03-09 20:47:11,COMPLETED
3982,158,34,2,2024-09-27 07:55:31,COMPLETED
3983,122,36,1,2024-08-22 23:40:39,COMPLETED
3984,34,31,1,2024-04-15 12:15:36,COMPLETED
3985,61,33,9,2024-08-04 15:07:03,COMPLETED
3986,90,26,3,2024-12-11 17:07:40,COMPLETED
3987,85,36,7,2024-06-10 14:10:32,COMPLETED
3988,84,38,9,2024-06-10 08:51:31,COMPLETED
3989,116,35,8,2024-04-18 13:29:01,COMPLETED
3990,43,9,8,2024-10-01 05:20:39,COMPLETED
3991,87,18,9,2024-09-02 12:16:25,COMPLETED
3992,151,28,6,2024-11-05 08:52:22,COMPLETED
3993,183,40,5,2024-03-10 00:59:02,COMPLETED
3994,78,40,2,2024-02-02 05:24:35,COMPLETED
3995,110,22,1,2024-02-22 20:46:46,CANCELLED
3996,2,3,1,2024-03-01 13:29:43,COMPLETED
3997,96,15,10,2024-09-08 09:38:47,COMPLETED
3998,19,16,3,2024-09-06 13:56:12,COMPLETED
3999,30,21,6,2024-01-27 21:23:15,COMPLETED
4000,83,22,8,2024-01-14 02:56:20,COMPLETED
4001,163,28,9,2024-10-13 16:06:15,COMPLETED
4002,26,19,5,2024-04-20 10:27:17,COMPLETED
4003,135,40,7,2024-05-29 20:09:20,COMPLETED
4004,184,32,3,2024-07-13 00:27:52,CANCELLED
4005,177,15,7,2024-06-23 09:01:26,COMPLETED
4006,113,19,7,2024-02-28 03:20:55,COMPLETED
4007,34,24,9,2024-10-13 21:38:04,COMPLETED
4008,95,19,4,2024-01-28 00:39:20,COMPLETED
4009,45,35,2,2024-10-13 05:46:05,COMPLETED
4010,17,9,4,2024-08-23 13:43:41,COMPLETED
4011,166,1,5,2024-08-30 08:44:02,COMPLETED
4012,97,1,2,2024-07-20 18:56:07,COMPLETED
4013,68,32,3,2024-03-20 05:01:02,COMPLETED
4014,119,23,1,2024-07-25 19:22:55,COMPLETED
4015,121,26,9,2024-10-01 05:57:02,COMPLETED
4016,117,12,3,2024-12-15 11:13:30,COMPLETED
4017,119,21,5,2024-10-17 00:55:42,CANCELLED
4018,144,18,8,2024-02-22 16:30:17,COMPLETED
4019,147,3,6,2024-02-25 07:41:26,COMPLETED
4020,131,30,7,2024-12-15 09:21:33,COMPLETED
4021,62,7,7,2024-01-21 14:53:41,COMPLETED
4022,47,29,2,2024-09-07 15:45:11,COMPLETED
4023,17,30,4,2024-03-18 00:29:14,COMPLETED
4024,184,14,10,2024-09-11 12:44:03,COMPLETED
4025,48,2,6,2024-03-11 14:23:55,COMPLETED
4026,148,37,10,2024-03-24 03:32:33,COMPLETED
4027,44,7,7,2024-11-06 10:58:32,COMPLETED
4028,150,5,5,2024-04-01 18:12:54,COMPLETED
4029,37,16,3,2024-05-06 06:10:30,COMPLETED
4030,180,16,10,2024-11-28 07:41:33,COMPLETED
4031,53,21,9,2024-12-30 22:36:09,COMPLETED
4032,107,8,8,2024-10-08 11:29:44,COMPLETED
4033,189,32,4,2024-03-03 17:51:50,COMPLETED
4034,75,16,1,2024-08-09 18:30:47,COMPLETED
4035,65,37,8,2024-08-25 08:54:59,COMPLETED
4036,30,12,8,2024-08-22 10:01:44,COMPLETED
4037,150,29,1,2024-03-13 13:03:10,COMPLETED
4038,113,5,3,2024-01-22 12:42:54,COMPLETED
4039,171,39,8,2024-10-22 01:20:33,COMPLETED
4040,128,8,4,2024-07-09 10:11:00,COMPLETED
4041,84,9,10,2024-08-04 19:50:50,CANCELLED
4042,133,16,3,2024-02-27 23:00:49,COMPLETED
4043,173,7,3,2024-11-04 01:28:23,COMPLETED
4044,187,4,9,2024-03-14 04:23:32,COMPLETED
4045,12,17,9,2024-07-08 21:18:06,COMPLETED
4046,176,30,9,2024-07-14 12:35:38,COMPLETED
4047,146,29,6,2024-09-22 11:35:19,COMPLETED
4048,190,24,9,2024-05-18 18:52:35,COMPLETED
4049,164,35,7,2024-12-24 23:07:28,COMPLETED
4050,193,3,4,2024-01-07 17:35:33,COMPLETED
4051,78,16,7,2024-09-07 15:37:40,COMPLETED
4052,147,37,6,2024-02-12 12:26:07,COMPLETED
4053,89,11,4,2024-12-04 15:41:26,COMPLETED
4054,24,2,3,2024-09-06 16:22:15,COMPLETED
4055,200,38,6,2024-09-14 21:00:23,COMPLETED
4056,78,13,8,2024-04-17 15:32:37,COMPLETED
4057,189,33,4,2024-01-23 00:22:35,COMPLETED
4058,51,1,10,2024-06-10 09:31:38,CANCELLED
4059,22,14,10,2024-07-13 03:04:54,COMPLETED
4060,30,10,7,2024-01-19 19:16:26,COMPLETED
4061,188,10,2,2024-03-21 11:40:09,COMPLETED
4062,176,30,7,2024-06-30 04:35:14,COMPLETED
4063,36,4,2,2024-08-23 06:48:46,COMPLETED
4064,173,6,2,2024-02-13 18:31:46,COMPLETED
4065,27,9,3,2024-01-17 06:04:50,COMPLETED
4066,185,3,8,2024-02-22 19:29:18,COMPLETED
4067,170,34,8,2024-12-28 02:37:13,COMPLETED
4068,160,14,1,2024-04-24 00:39:51,COMPLETED
4069,111,25,6,2024-03-21 22:26:47,COMPLETED
4070,170,12,8,2024-09-09 16:16:43,COMPLETED
4071,78,34,2,2024-02-28 02:40:09,COMPLETED
4072,73,12,2,2024-02-04 23:47:49,COMPLETED
4073,143,26,9,2024-02-24 14:35:29,CANCELLED
4074,3,37,6,2024-02-22 06:52:55,COMPLETED
4075,74,25,3,2024-01-07 15:31:20,COMPLETED
4076,152,13,6,2024-05-15 22:00:23,COMPLETED
4077,17,1,4,2024-10-04 22:33:32,COMPLETED
4078,153,23,3,2024-10-29 14:50:47,COMPLETED
4078,153,23,3,2024-10-29 14:50:47,COMPLETED
4079,128,2,2,2024-03-29 21:09:35,CANCELLED
4080,31,10,5,2024-03-15 01:58:43,COMPLETED
4081,92,36,6,2024-07-28 13:48:11,COMPLETED
4082,79,9,4,2024-11-24 16:28:48,COMPLETED
4083,20,10,1,2024-02-24 16:46:41,CANCELLED
4084,14,28,2,2024-05-20 12:25:51,COMPLETED
4085,123,15,9,2024-07-11 04:24:08,COMPLETED
4086,43,39,10,2024-01-24 21:23:40,COMPLETED
4087,185,6,7,2024-06-14 12:27:41,COMPLETED
4088,6,27,4,2024-02-20 11:34:20,COMPLETED
4089,73,34,2,2024-05-12 23:18:32,COMPLETED
4090,41,1,4,2024-09-29 07:40:01,COMPLETED
4091,74,3,4,2024-01-23 18:38:13,COMPLETED
4092,158,24,7,2024-07-11 18:39:44,COMPLETED
4093,197,29,6,2024-06-13 08:24:30,COMPLETED
4094,79,40,2,2024-05-24 00:55:36,COMPLETED
4095,174,23,6,2024-04-20 16:47:56,COMPLETED
4096,45,16,5,2024-07-05 05:55:49,COMPLETED
4097,36,17,8,2024-06-17 14:53:46,COMPLETED
4098,12,36,1,2024-10-25 17:03:42,COMPLETED
4099,132,8,1,2024-03-21 11:25:31,COMPLETED
4100,189,27,9,2024-03-30 06:21:57,COMPLETED
4101,103,18,2,2024-07-08 21:39:47,COMPLETED
4102,133,3,9,2024-01-06 02:22:16,COMPLETED
4103,187,24,8,2024-02-11 17:03:38,COMPLETED
4104,8,7,6,2024-09-30 12:35:13,COMPLETED
4105,22,13,9,2024-01-17 11:40:06,COMPLETED
4106,27,16,1,2024-06-28 09:39:01,COMPLETED
4107,86,6,1,2024-11-11 17:40:57,COMPLETED
4108,93,34,5,2024-07-10 02:04:52,COMPLETED
4109,103,12,2,2024-09-30 10:21:32,COMPLETED
4110,5,37,7,2024-03-11 13:48:28,COMPLETED
4111,136,23,8,2024-06-14 09:45:14,COMPLETED
4112,153,17,8,2024-01-12 12:40:31,COMPLETED
4113,144,1,6,2024-03-18 06:29:10,CANCELLED
4114,199,13,10,2024-06-05 08:18:58,COMPLETED
4115,113,17,7,2024-12-11 12:00:47,COMPLETED
4116,39,6,6,2024-08-15 05:58:01,COMPLETED
4117,62,9,8,2024-01-08 08:54:43,COMPLETED
4118,69,26,7,2024-06-14 06:32:23,COMPLETED
4119,85,38,1,2024-10-20 06:00:19,COMPLETED
4120,30,4,8,2024-08-16 13:21:02,COMPLETED
4121,120,8,5,2024-01-15 12:08:02,COMPLETED
4122,168,17,10,2024-04-01 15:13:54,COMPLETED
4123,142,5,10,2024-10-21 02:25:42,COMPLETED
4124,182,18,10,2024-01-02 04:12:45,COMPLETED
4125,171,5,6,2024-10-31 15:40:32,COMPLETED
4126,66,40,10,2024-07-13 21:27:03,COMPLETED
4127,151,20,10,2024-11-15 02:54:28,COMPLETED
4128,102,39,9,2024-07-10 09:27:23,COMPLETED
4129,166,5,4,2024-06-28 21:46:55,COMPLETED
4130,176,8,7,2024-05-28 10:33:36,COMPLETED
4131,192,19,2,2024-06-08 13:44:46,CANCELLED
4132,26,10,4,2024-07-07 08:06:43,COMPLETED
4133,13,32,8,2024-08-09 18:16:21,COMPLETED
4134,60,12,6,2024-06-18 16:08:40,COMPLETED
4135,189,33,10,2024-08-19 02:55:58,COMPLETED
4136,146,8,10,2024-06-22 05:39:17,COMPLETED
4137,18,17,3,2024-12-09 02:07:03,COMPLETED
4138,170,9,1,2024-03-24 05:48:52,COMPLETED
4139,132,30,9,2024-11-23 20:59:18,COMPLETED
4140,23,27,1,2024-11-22 14:56:38,COMPLETED
4141,171,2,5,2024-02-06 22:11:29,COMPLETED
4142,140,6,4,2024-05-23 10:50:34,COMPLETED
4143,193,40,10,2024-07-18 05:05:21,COMPLETED
4144,200,38,8,2024-12-15 20:22:01,COMPLETED
4145,29,6,8,2024-01-09 16:54:20,COMPLETED
4146,138,33,10,2024-04-22 12:49:15,CANCELLED
4147,131,2,2,2024-07-31 06:51:01,CANCELLED
4148,67,20,9,2024-02-23 16:29:46,COMPLETED
4149,31,29,6,2024-07-21 16:53:31,COMPLETED
4150,60,37,8,2024-07-15 20:09:56,COMPLETED
4151,3,35,3,2024-01-24 23:13:14,COMPLETED
4152,67,35,1,2024-06-11 15:22:59,COMPLETED
4153,122,6,3,2024-11-23 01:06:56,COMPLETED
4154,145,6,5,2024-08-19 08:08:37,COMPLETED
4155,196,6,3,2024-07-17 09:55:01,COMPLETED
4156,173,38,5,2024-11-03 08:58:21,COMPLETED
4157,172,28,9,2024-12-17 00:08:05,COMPLETED
4158,119,26,10,2024-09-17 07:25:35,CANCELLED
4159,123,4,5,2024-01-17 18:02:40,COMPLETED
4160,59,8,5,2024-12-17 08:36:56,COMPLETED
4161,149,28,2,2024-05-17 17:12:18,COMPLETED
4162,127,36,4,2024-03-09 18:01:57,COMPLETED
4163,173,36,9,2024-03-28 01:02:58,COMPLETED
4164,97,23,2,2024-10-29 13:05:32,CANCELLED
4165,149,26,3,2024-04-23 17:33:31,COMPLETED
4166,155,27,5,2024-11-20 07:34:16,COMPLETED
4167,99,35,4,2024-10-06 18:11:40,COMPLETED
4168,157,28,1,2024-04-13 03:59:16,COMPLETED
4169,80,10,2,2024-06-21 09:52:50,COMPLETED
4170,144,22,2,2024-05-29 21:10:36,COMPLETED
4171,92,38,4,2024-11-16 14:24:08,COMPLETED
4172,71,35,9,2024-02-18 13:37:20,COMPLETED
4173,147,15,5,2024-07-26 15:02:20,COMPLETED
4174,179,33,4,2024-08-26 11:38:33,COMPLETED
4175,112,9,5,2024-06-02 11:25:26,COMPLETED
4176,193,34,8,2024-08-21 18:30:37,COMPLETED
4177,109,2,10,2024-11-19 12:18:53,COMPLETED
4178,77,5,4,2024-11-18 05:19:46,COMPLETED
4179,194,16,6,2024-09-13 18:39:17,COMPLETED
4180,154,11,4,2024-10-04 13:48:39,COMPLETED
4181,60,14,8,2024-10-06 12:13:29,COMPLETED
4182,1,22,3,2024-04-06 13:21:23,COMPLETED
4183,66,21,9,2024-07-17 11:16:16,COMPLETED
4184,86,2,3,2024-05-19 22:23:24,CANCELLED
4185,72,20,8,2024-02-26 04:11:06,COMPLETED
4186,158,7,7,2024-05-03 10:53:26,COMPLETED
4187,50,19,5,2024-01-11 23:21:19,COMPLETED
4188,107,26,2,2024-07-01 13:08:53,COMPLETED
4189,124,5,9,2024-02-19 05:38:59,COMPLETED
4190,153,35,10,2024-10-19 10:32:41,COMPLETED
4191,11,35,9,2024-12-18 11:00:29,COMPLETED
4192,103,30,9,2024-02-26 11:47:14,COMPLETED
4193,21,29,5,2024-06-09 15:57:30,COMPLETED
4194,27,15,6,2024-08-29 18:33:48,COMPLETED
4195,101,25,5,2024-07-31 00:17:48,COMPLETED
4196,170,35,10,2024-11-08 12:57:57,CANCELLED
4197,179,38,7,2024-09-27 11:39:27,COMPLETED
4198,113,20,9,2024-05-28 00:41:28,COMPLETED
4199,177,6,6,2024-05-12 03:41:09,COMPLETED
4200,81,4,2,2024-02-18 04:51:09,COMPLETED
4201,185,39,3,2024-01-23 18:04:49,COMPLETED
4202,200,31,6,2024-04-05 16:34:54,COMPLETED
4203,98,3,6,2024-02-14 00:51:27,COMPLETED
4204,21,28,1,2024-03-29 04:26:18,COMPLETED
4205,138,36,7,2024-03-21 10:41:56,COMPLETED
4206,64,27,3,2024-02-08 20:08:42,COMPLETED
4207,67,21,6,2024-08-20 19:41:15,COMPLETED
4208,125,1,1,2024-01-10 14:54:10,COMPLETED
4209,167,37,5,2024-11-09 09:43:30,COMPLETED
4210,136,38,5,2024-03-10 11:43:32,COMPLETED
4211,97,25,5,2024-11-01 01:33:01,CANCELLED
4212,143,40,7,2024-06-16 12:22:48,COMPLETED
4213,13,21,7,2024-04-11 19:14:10,COMPLETED
4214,80,21,7,2024-12-02 00:02:49,COMPLETED
4215,194,29,6,2024-07-27 18:01:49,COMPLETED
4216,147,29,5,2024-10-25 06:19:44,COMPLETED
4217,57,13,9,2024-11-08 17:36:37,COMPLETED
4218,109,9,4,2024-11-28 20:10:00,COMPLETED
4219,67,26,7,2024-10-31 04:41:25,COMPLETED
4220,163,12,7,2024-05-10 16:28:32,COMPLETED
4221,14,7,7,2024-09-02 16:28:59,COMPLETED
4222,156,23,4,2024-12-25 08:54:30,COMPLETED
4223,178,28,3,2024-11-28 06:32:29,COMPLETED
4224,45,10,5,2024-03-11 07:27:06,CANCELLED
4225,116,28,8,2024-09-26 12:04:45,COMPLETED
4226,80,26,3,2024-10-23 15:12:54,COMPLETED
4227,18,25,1,2024-02-10 06:08:48,COMPLETED
4228,72,7,2,2024-05-24 16:02:16,CANCELLED
4229,129,17,9,2024-11-05 11:28:41,COMPLETED
4230,100,4,1,2024-10-22 08:18:28,CANCELLED
4231,138,1,2,2024-07-03 07:27:21,COMPLETED
4232,102,31,8,2024-08-05 00:40:02,COMPLETED
4233,21,12,10,2024-08-19 06:41:22,COMPLETED
4234,92,29,1,2024-12-27 13:24:45,COMPLETED
4235,115,9,7,2024-11-03 18:53:57,COMPLETED
4236,43,28,2,2024-02-27 04:42:00,COMPLETED
4237,43,4,4,2024-07-24 08:25:04,COMPLETED
4238,189,31,6,2024-03-29 12:53:23,COMPLETED
4239,179,38,7,2024-12-02 11:25:05,COMPLETED
4240,13,30,9,2024-05-16 01:32:23,CANCELLED
4241,163,11,6,2024-04-12 19:26:07,CANCELLED
4242,45,20,3,2024-02-17 22:13:34,COMPLETED
4243,178,15,9,2024-05-05 22:41:04,COMPLETED
4244,93,18,1,2024-01-13 05:00:01,COMPLETED
4245,110,17,5,2024-09-10 12:44:06,COMPLETED
4246,167,30,6,2024-10-14 07:07:58,COMPLETED
4247,51,5,2,2024-02-24 08:22:11,CANCELLED
4248,40,29,5,2024-10-25 22:35:55,COMPLETED
4249,196,32,10,2024-10-11 20:09:16,COMPLETED
4250,22,29,8,2024-12-15 23:31:00,COMPLETED
4251,196,14,4,2024-09-15 01:34:14,COMPLETED
4252,165,11,8,2024-03-06 21:54:53,COMPLETED
4253,143,35,7,2024-09-23 01:26:10,COMPLETED
4254,19,31,6,2024-10-04 08:58:58,COMPLETED
4255,139,4,2,2024-08-23 15:13:53,COMPLETED
4256,64,3,5,2024-05-07 18:02:54,COMPLETED
4257,50,3,7,2024-08-24 11:10:48,CANCELLED
4258,59,21,9,2024-07-14 08:41:05,COMPLETED
4259,69,40,4,2024-05-08 13:22:04,COMPLETED
4260,79,1,1,2024-11-29 03:38:02,CANCELLED
4261,180,7,9,2024-01-27 20:16:42,COMPLETED
4262,102,29,8,2024-07-15 04:23:58,COMPLETED
4263,18,28,6,2024-03-07 21:29:10,COMPLETED
4264,66,24,5,2024-04-11 16:58:08,COMPLETED
4265,137,14,9,2024-12-07 08:57:00,COMPLETED
4266,17,31,10,2024-08-28 14:32:29,COMPLETED
4267,181,36,2,2024-01-07 01:07:08,COMPLETED
4268,167,21,4,2024-09-06 23:14:49,COMPLETED
4269,38,35,8,2024-07-14 02:08:27,COMPLETED
4270,66,35,7,2024-11-08 04:56:19,COMPLETED
4271,149,28,10,2024-07-23 22:27:45,COMPLETED
4272,40,39,1,2024-04-28 20:49:34,CANCELLED
4273,81,31,10,2024-09-30 01:09:28,COMPLETED
4274,123,7,5,2024-11-22 02:59:49,COMPLETED
4275,36,17,7,2024-03-31 07:32:03,COMPLETED
4276,23,39,9,2024-10-17 09:03:34,CANCELLED
4277,182,17,3,2024-04-14 00:04:24,COMPLETED
4278,53,36,4,2024-08-18 01:30:07,COMPLETED
4279,134,16,4,2024-08-08 14:15:59,COMPLETED
4280,39,8,9,2024-07-13 04:03:01,COMPLETED
4280,39,8,9,2024-07-13 04:03:01,COMPLETED
4281,41,37,4,2024-03-07 22:54:27,COMPLETED
4282,132,4,10,2024-08-04 08:02:36,CANCELLED
4283,43,10,2,2024-01-18 09:23:57,COMPLETED
4284,4,12,4,2024-03-09 05:54:51,COMPLETED
4285,5,5,9,2024-05-29 21:13:11,COMPLETED
4286,98,8,1,2024-12-19 10:11:40,COMPLETED
4287,162,39,9,2024-12-23 02:49:50,COMPLETED
4288,124,25,2,2024-01-05 08:25:46,COMPLETED
4289,76,13,6,2024-05-29 00:29:28,COMPLETED
4290,74,4,4,2024-12-14 15:33:11,COMPLETED
4291,82,16,2,2024-08-16 23:46:28,COMPLETED
4292,13,31,5,2024-06-12 13:18:38,COMPLETED
4293,197,36,3,2024-03-16 17:24:51,COMPLETED
4294,105,38,6,2024-11-19 03:20:17,COMPLETED
4295,26,3,1,2024-03-18 02:40:25,COMPLETED
4296,5,30,7,2024-12-21 17:43:56,COMPLETED
4297,95,18,6,2024-10-15 05:45:14,COMPLETED
4298,113,5,6,2024-01-08 14:10:26,CANCELLED
4299,12,28,7,2024-12-14 07:35:26,COMPLETED
4300,109,18,2,2024-01-29 16:06:21,COMPLETED
4301,166,26,6,2024-04-26 03:43:42,COMPLETED
4302,182,6,4,2024-04-19 14:13:30,COMPLETED
4303,115,35,6,2024-02-09 01:23:42,COMPLETED
4304,152,18,10,2024-07-01 07:26:23,COMPLETED
4305,158,1,6,2024-10-27 04:56:03,COMPLETED
4306,50,28,7,2024-07-31 21:55:06,COMPLETED
4307,142,10,7,2024-07-26 11:59:53,COMPLETED
4308,145,40,7,2024-03-02 20:50:09,COMPLETED
4309,118,1,9,2024-03-31 21:46:56,COMPLETED
4310,143,36,9,2024-12-14 15:13:38,COMPLETED
4311,31,31,9,2024-09-21 21:53:44,COMPLETED
4312,125,40,2,2024-05-21 09:30:44,COMPLETED
4313,152,28,3,2024-05-20 23:36:15,COMPLETED
4314,20,37,8,2024-12-14 06:42:32,COMPLETED
4315,178,39,4,2024-02-19 03:06:16,COMPLETED
4316,23,9,7,2024-12-08 05:11:18,COMPLETED
4317,92,30,9,2024-08-12 04:56:23,COMPLETED
4318,48,25,1,2024-04-27 13:36:27,CANCELLED
4319,142,1,10,2024-05-23 03:04:36,CANCELLED
4320,19,30,6,2024-05-10 08:09:10,COMPLETED
4321,31,30,8,2024-06-26 10:47:09,COMPLETED
4322,24,9,8,2024-04-25 06:21:23,COMPLETED
4323,48,5,2,2024-07-29 10:02:29,COMPLETED
4324,166,36,3,2024-04-18 20:52:23,COMPLETED
4325,183,38,7,2024-02-23 12:07:00,COMPLETED
4326,46,11,3,2024-08-22 05:50:42,CANCELLED
4327,86,33,10,2024-01-29 21:54:24,COMPLETED
4328,182,17,6,2024-04-13 11:02:15,CANCELLED
4329,27,36,6,2024-09-21 11:31:20,COMPLETED
4330,125,3,6,2024-06-17 23:35:25,COMPLETED
4331,33,1,10,2024-02-24 23:12:38,COMPLETED
4332,94,32,1,2024-10-02 20:32:15,COMPLETED
4333,188,4,2,2024-09-02 11:46:09,COMPLETED
4334,181,22,7,2024-04-16 20:12:05,CANCELLED
4335,118,11,4,2024-11-17 06:48:57,COMPLETED
4336,121,12,9,2024-03-04 06:51:02,CANCELLED
4337,157,21,5,2024-01-02 23:08:00,COMPLETED
4338,125,34,9,2024-03-11 23:31:23,COMPLETED
4339,68,29,4,2024-02-04 23:41:40,COMPLETED
4340,108,5,7,2024-12-28 17:08:30,COMPLETED
4341,198,24,1,2024-07-05 23:37:43,COMPLETED
4342,90,36,1,2024-02-05 12:31:57,COMPLETED
4343,96,1,10,2024-03-10 03:04:57,COMPLETED
4344,28,6,6,2024-03-13 04:59:28,COMPLETED
4345,192,3,6,2024-03-29 07:38:26,CANCELLED
4346,113,4,10,2024-02-22 21:08:35,COMPLETED
4347,9,30,2,2024-11-10 10:35:48,COMPLETED
4348,81,1,1,2024-07-06 21:57:59,COMPLETED
4349,180,6,9,2024-08-10 22:05:27,COMPLETED
4350,144,21,5,2024-03-29 03:49:28,COMPLETED
4351,37,37,9,2024-06-30 21:06:26,COMPLETED
4352,143,37,4,2024-12-02 00:17:25,COMPLETED
4353,89,9,10,2024-04-09 20:15:37,COMPLETED
4354,121,8,7,2024-11-20 19:10:57,COMPLETED
4355,160,33,3,2024-07-03 03:15:28,COMPLETED
4356,80,35,2,2024-03-23 19:19:48,CANCELLED
4357,186,5,1,2024-04-10 03:01:40,COMPLETED
4358,40,23,9,2024-09-14 20:48:54,COMPLETED
4359,57,12,2,2024-06-30 20:36:43,COMPLETED
4360,55,24,8,2024-04-09 10:24:21,COMPLETED
4361,62,22,3,2024-06-12 08:59:33,COMPLETED
4362,104,18,9,2024-06-18 02:25:28,COMPLETED
4362,104,18,9,2024-06-18 02:25:28,COMPLETED
4363,110,29,4,2024-08-16 11:13:22,COMPLETED
4364,184,17,5,2024-12-27 13:04:22,COMPLETED
4365,50,36,5,2024-03-09 16:36:38,COMPLETED
4366,59,25,5,2024-06-06 15:11:21,CANCELLED
4367,139,4,6,2024-05-09 17:02:08,COMPLETED
4368,114,18,1,2024-06-01 19:26:21,COMPLETED
4369,159,22,6,2024-02-01 02:13:42,COMPLETED
4370,102,11,4,2024-08-07 06:11:00,COMPLETED
4371,3,39,1,2024-07-29 01:00:51,CANCELLED
4372,197,21,2,2024-01-17 12:10:36,COMPLETED
4373,180,20,1,2024-09-15 16:20:16,CANCELLED
4374,27,15,2,2024-02-02 08:44:07,CANCELLED
4375,119,33,7,2024-02-06 19:10:40,COMPLETED
4376,176,2,3,2024-05-07 14:09:30,COMPLETED
4377,181,29,7,2024-01-21 23:09:42,COMPLETED
4378,46,11,1,2024-06-06 17:20:23,COMPLETED
4379,95,15,6,2024-11-13 12:19:45,CANCELLED
4380,69,6,3,2024-01-01 06:03:31,COMPLETED
4381,171,9,3,2024-06-19 00:00:29,CANCELLED
4382,145,23,1,2024-01-05 02:34:20,COMPLETED
4383,107,4,2,2024-05-04 02:01:34,COMPLETED
4384,55,12,6,2024-11-05 21:24:39,COMPLETED
4385,176,38,5,2024-06-19 22:32:15,COMPLETED
4386,159,22,1,2024-06-19 03:01:51,COMPLETED
4387,127,7,8,2024-09-30 11:28:30,COMPLETED
4388,34,30,10,2024-08-01 21:18:40,COMPLETED
4389,91,38,6,2024-09-07 01:42:25,COMPLETED
4390,60,5,1,2024-01-04 18:37:21,CANCELLED
4391,74,40,4,2024-04-28 02:04:02,COMPLETED
4392,4,14,10,2024-02-16 00:39:47,COMPLETED
4393,90,9,1,2024-12-07 02:13:37,COMPLETED
4394,12,33,10,2024-09-28 08:37:57,CANCELLED
4395,73,5,2,2024-07-29 18:53:59,COMPLETED
4396,158,7,4,2024-09-10 23:10:26,COMPLETED
4397,158,40,3,2024-07-30 19:54:02,COMPLETED
4398,195,16,6,2024-09-23 10:12:48,COMPLETED
4399,38,3,6,2024-05-30 15:41:54,COMPLETED
4400,16,27,8,2024-08-09 03:08:28,CANCELLED
4401,4,2,7,2024-08-09 19:54:15,COMPLETED
4402,141,4,2,2024-07-31 07:56:33,COMPLETED
4403,113,31,5,2024-01-18 02:56:15,COMPLETED
4404,62,31,9,2024-04-13 17:08:28,COMPLETED
4405,33,14,4,2024-08-09 11:21:27,COMPLETED
4406,79,38,6,2024-11-30 17:22:43,COMPLETED
4407,1,26,8,2024-06-27 01:18:30,COMPLETED
4408,41,22,6,2024-01-04 03:01:51,COMPLETED
4409,163,23,1,2024-01-29 07:16:37,COMPLETED
4410,98,21,5,2024-02-20 11:45:40,COMPLETED
4411,48,19,2,2024-06-27 09:43:04,COMPLETED
4412,48,38,1,2024-08-31 18:55:36,COMPLETED
4413,147,10,4,2024-11-02 12:35:35,COMPLETED
4414,85,7,2,2024-01-06 21:59:06,COMPLETED
4415,9,37,1,2024-09-06 18:36:07,COMPLETED
4416,108,3,6,2024-04-04 20:54:14,COMPLETED
4417,196,35,9,2024-12-20 18:39:55,COMPLETED
4418,65,16,1,2024-02-28 19:46:22,COMPLETED
4419,30,6,7,2024-06-01 11:07:48,COMPLETED
4420,35,40,1,2024-04-19 08:36:28,COMPLETED
4421,86,30,6,2024-10-19 21:59:57,COMPLETED
4422,145,36,9,2024-06-24 05:00:01,COMPLETED
4423,145,12,2,2024-03-07 09:45:36,COMPLETED
4424,152,28,5,2024-03-06 01:05:34,COMPLETED
4425,60,16,7,2024-09-17 14:30:47,COMPLETED
4426,46,1,3,2024-06-26 16:53:26,COMPLETED
4427,134,12,2,2024-04-09 08:33:01,COMPLETED
4428,119,2,10,2024-02-18 23:10:21,COMPLETED
4429,114,8,2,2024-11-07 03:17:17,COMPLETED
4430,42,15,9,2024-01-03 09:02:06,COMPLETED
4431,111,11,2,2024-09-08 06:48:09,COMPLETED
4432,186,11,2,2024-05-16 22:12:21,CANCELLED
4433,135,8,9,2024-08-10 11:21:20,CANCELLED
4434,186,1,6,2024-08-07 15:14:47,COMPLETED
4435,28,8,9,2024-06-18 12:45:32,COMPLETED
4436,96,22,9,2024-08-01 19:58:27,COMPLETED
4437,151,21,10,2024-10-18 03:00:29,COMPLETED
4438,121,11,2,2024-05-28 05:53:09,COMPLETED
4439,12,4,6,2024-12-22 04:37:26,COMPLETED
4440,137,39,4,2024-01-27 02:03:28,COMPLETED
4441,97,39,3,2024-07-16 11:45:10,CANCELLED
4442,123,12,9,2024-04-17 05:32:26,COMPLETED
4443,80,4,2,2024-07-18 14:01:20,COMPLETED
4444,185,31,3,2024-01-01 11:21:48,COMPLETED
4445,142,14,10,2024-04-24 09:21:48,COMPLETED
4446,161,15,3,2024-09-14 06:48:39,CANCELLED
4447,16,17,2,2024-04-17 17:46:55,COMPLETED
4448,72,14,3,2024-12-25 01:28:29,COMPLETED
4449,135,8,2,2024-06-12 16:17:36,CANCELLED
4450,93,37,10,2024-10-02 22:42:52,COMPLETED
4451,3,9,1,2024-02-19 13:08:17,COMPLETED
4452,54,4,5,2024-12-29 22:26:53,COMPLETED
4453,39,15,3,2024-02-20 17:08:08,COMPLETED
4454,128,23,3,2024-09-27 02:05:16,COMPLETED
4455,63,24,4,2024-01-17 02:08:40,COMPLETED
4456,195,9,9,2024-02-06 07:49:42,COMPLETED
4457,13,27,5,2024-06-02 17:48:09,COMPLETED
4458,175,4,6,2024-10-04 18:35:17,COMPLETED
4459,60,29,8,2024-06-27 11:46:18,COMPLETED
4460,150,7,10,2024-07-27 15:42:38,COMPLETED
4461,197,5,1,2024-09-10 02:51:19,COMPLETED
4462,154,6,7,2024-09-22 02:37:50,COMPLETED
4463,176,5,8,2024-04-25 22:34:32,COMPLETED
4464,156,3,3,2024-08-14 01:00:31,COMPLETED
4465,136,14,2,2024-10-31 22:12:17,COMPLETED
4466,64,35,5,2024-01-26 23:22:28,COMPLETED
4467,101,11,3,2024-08-08 09:22:54,COMPLETED
4468,52,8,7,2024-07-08 01:45:04,COMPLETED
4469,15,24,7,2024-08-04 09:17:39,COMPLETED
4470,107,26,8,2024-10-19 11:48:02,COMPLETED
4471,11,25,4,2024-09-29 00:26:43,COMPLETED
4472,40,6,10,2024-07-17 21:32:14,COMPLETED
4473,93,24,1,2024-04-27 17:59:52,COMPLETED
4474,200,17,5,2024-09-11 18:36:56,COMPLETED
4475,111,26,4,2024-09-22 23:20:14,COMPLETED
4476,198,13,4,2024-08-08 09:58:34,COMPLETED
4477,3,20,10,2024-05-26 09:13:52,COMPLETED
4478,49,9,3,2024-05-29 15:37:56,COMPLETED
4479,31,6,5,2024-02-27 00:48:58,COMPLETED
4480,106,9,6,2024-09-11 04:48:40,COMPLETED
4481,83,18,3,2024-02-09 09:13:37,COMPLETED
4482,132,3,9,2024-10-12 10:15:03,COMPLETED
4483,153,40,2,2024-10-14 08:25:01,COMPLETED
4484,105,10,4,2024-10-08 07:28:36,COMPLETED
4485,183,6,10,2024-08-09 17:06:51,COMPLETED
4486,68,15,4,2024-08-05 08:50:04,COMPLETED
4487,62,9,5,2024-06-28 00:12:26,CANCELLED
4488,48,24,1,2024-05-21 14:58:31,COMPLETED
4489,58,16,5,2024-03-19 13:38:12,CANCELLED
4490,9,16,2,2024-01-31 13:24:09,COMPLETED
4491,94,34,8,2024-06-06 13:05:52,COMPLETED
4492,185,18,6,2024-12-01 09:01:43,COMPLETED
4493,187,25,10,2024-09-19 04:45:22,COMPLETED
4494,85,30,7,2024-08-15 21:37:10,COMPLETED
4495,185,18,6,2024-03-18 10:14:51,COMPLETED
4496,62,28,6,2024-08-07 03:49:18,COMPLETED
4497,70,26,7,2024-12-27 15:21:02,COMPLETED
4498,199,33,7,2024-11-09 08:47:25,COMPLETED
4499,54,18,3,2024-01-31 17:03:59,COMPLETED
4500,74,24,1,2024-07-26 23:05:42,COMPLETED
4501,3,37,6,2024-12-25 08:21:22,COMPLETED
4502,159,20,9,2024-02-03 23:54:59,COMPLETED
4503,48,26,10,2024-02-25 09:05:06,COMPLETED
4504,96,37,7,2024-06-03 05:00:22,COMPLETED
4505,115,12,2,2024-11-27 10:43:01,CANCELLED
4506,4,30,5,2024-02-23 02:13:08,COMPLETED
4507,199,38,2,2024-04-13 04:27:27,COMPLETED
4508,32,19,1,2024-09-16 07:23:42,CANCELLED
4509,167,35,10,2024-03-16 21:23:03,COMPLETED
4510,41,27,2,2024-04-26 21:29:57,COMPLETED
4511,80,14,1,2024-06-24 20:27:00,COMPLETED
4512,57,30,4,2024-02-10 11:40:43,CANCELLED
4513,175,2,1,2024-07-26 10:42:45,COMPLETED
4514,188,8,8,2024-07-25 03:41:47,COMPLETED
4515,43,10,2,2024-01-31 20:04:09,COMPLETED
4516,141,29,2,2024-12-21 19:08:20,CANCELLED
4517,72,21,3,2024-03-22 05:05:43,COMPLETED
4518,169,18,3,2024-06-17 03:20:42,COMPLETED
4519,130,30,5,2024-04-13 17:10:22,COMPLETED
4520,167,32,1,2024-02-13 15:54:38,COMPLETED
4521,165,11,1,2024-09-25 13:15:22,COMPLETED
4522,88,10,4,2024-12-17 10:37:36,COMPLETED
4523,116,9,10,2024-06-15 23:39:16,COMPLETED
4524,83,27,4,2024-03-16 17:20:16,COMPLETED
4525,29,18,1,2024-09-07 18:24:41,COMPLETED
4526,196,23,3,2024-11-11 23:58:01,COMPLETED
4527,138,5,1,2024-12-26 05:35:37,CANCELLED
4528,84,34,1,2024-01-15 02:57:38,COMPLETED
4529,39,31,3,2024-10-10 07:19:23,COMPLETED
4530,80,12,6,2024-06-28 20:32:30,COMPLETED
4531,50,8,7,2024-01-11 06:42:57,COMPLETED
4532,59,37,2,2024-10-25 17:49:50,CANCELLED
4533,196,26,9,2024-11-09 01:36:38,COMPLETED
4534,23,32,3,2024-12-18 19:12:37,COMPLETED
4535,32,13,7,2024-08-29 17:30:31,COMPLETED
4536,182,10,9,2024-10-28 04:47:38,COMPLETED
4537,185,2,10,2024-09-07 10:40:25,COMPLETED
4538,186,32,4,2024-05-13 14:01:37,COMPLETED
4539,96,40,6,2024-11-17 06:30:02,COMPLETED
4540,169,14,4,2024-02-27 14:48:08,COMPLETED
4541,164,29,4,2024-09-28 14:02:47,COMPLETED
4542,134,39,10,2024-03-08 16:39:10,COMPLETED
4543,94,31,4,2024-10-30 15:27:04,COMPLETED
4544,34,15,7,2024-06-14 18:15:52,COMPLETED
4545,90,3,8,2024-06-03 05:12:11,COMPLETED
4546,13,36,8,2024-01-18 16:39:56,COMPLETED
4547,100,39,8,2024-11-01 23:52:26,CANCELLED
4548,196,33,3,2024-11-18 05:58:09,COMPLETED
4549,98,3,2,2024-01-06 11:58:32,COMPLETED
4550,40,26,2,2024-05-17 13:34:36,COMPLETED
4551,142,15,9,2024-09-20 05:16:57,COMPLETED
4552,47,6,8,2024-09-15 17:37:35,COMPLETED
4553,162,28,5,2024-07-26 10:28:28,COMPLETED
4554,200,26,8,2024-03-18 18:58:10,COMPLETED
4555,193,17,3,2024-02-26 08:52:59,COMPLETED
4556,56,10,3,2024-03-03 16:13:29,CANCELLED
4557,131,2,2,2024-10-19 23:20:36,COMPLETED
4558,65,10,6,2024-08-05 13:33:52,CANCELLED
4559,190,37,3,2024-10-05 14:13:56,COMPLETED
4560,176,12,3,2024-10-12 03:43:44,CANCELLED
4561,104,4,7,2024-03-12 02:03:39,COMPLETED
4562,159,22,4,2024-05-24 07:28:32,COMPLETED
4563,100,16,8,2024-12-01 17:39:39,COMPLETED
4564,18,8,9,2024-01-22 12:34:09,COMPLETED
4565,176,32,5,2024-02-10 14:23:46,COMPLETED
4566,2,32,6,2024-03-29 23:30:29,COMPLETED
4567,79,8,9,2024-05-05 19:30:55,COMPLETED
4568,169,5,4,2024-10-27 21:21:52,COMPLETED
4569,103,4,9,2024-10-31 16:29:24,COMPLETED
4570,103,15,10,2024-11-17 15:07:18,COMPLETED
4571,169,24,7,2024-01-25 13:36:11,COMPLETED
4572,71,31,1,2024-05-20 09:43:25,COMPLETED
4573,146,5,3,2024-12-29 19:27:17,COMPLETED
4574,18,24,2,2024-06-15 06:21:31,CANCELLED
4575,69,5,2,2024-08-07 21:36:46,COMPLETED
4576,173,22,6,2024-06-15 07:43:15,COMPLETED
4577,146,6,10,2024-10-06 23:14:33,COMPLETED
4578,55,38,6,2024-06-24 02:18:47,COMPLETED
4579,92,12,1,2024-07-04 07:27:25,COMPLETED
4580,36,2,5,2024-03-06 12:39:07,COMPLETED
4581,41,1,2,2024-08-29 20:26:40,COMPLETED
4582,128,7,3,2024-10-10 02:26:17,COMPLETED
4583,39,20,2,2024-03-19 08:46:32,COMPLETED
4584,193,28,10,2024-06-05 17:12:23,COMPLETED
4585,146,30,7,2024-01-15 02:40:23,COMPLETED
4586,134,31,4,2024-01-29 19:31:55,COMPLETED
4587,126,31,4,2024-02-01 00:44:57,COMPLETED
4588,198,12,3,2024-06-19 01:02:58,COMPLETED
4589,173,2,8,2024-05-11 16:49:01,COMPLETED
4590,136,35,10,2024-07-03 12:45:33,COMPLETED
4591,108,23,4,2024-11-22 11:31:11,COMPLETED
4592,54,37,5,2024-03-19 20:14:23,COMPLETED
4593,24,25,6,2024-04-29 21:54:51,COMPLETED
4594,132,38,6,2024-03-11 13:27:51,COMPLETED
4595,38,3,3,2024-02-17 00:16:50,COMPLETED
4596,91,2,6,2024-07-07 20:33:03,COMPLETED
4597,70,19,10,2024-09-05 14:00:50,COMPLETED
4598,73,31,1,2024-10-03 02:41:15,COMPLETED
4599,36,27,9,2024-06-29 07:17:02,COMPLETED
4600,80,35,7,2024-07-11 18:53:36,COMPLETED
4601,147,29,10,2024-06-23 19:35:55,CANCELLED
4601,147,29,10,2024-06-23 19:35:55,CANCELLED
4602,23,27,4,2024-05-29 18:34:58,COMPLETED
4603,110,3,5,2024-11-29 04:12:59,COMPLETED
4604,6,27,4,2024-05-17 02:13:46,COMPLETED
4605,57,31,4,2024-01-15 14:47:02,COMPLETED
4606,99,18,10,2024-06-14 16:25:47,COMPLETED
4607,119,29,2,2024-02-12 16:26:06,COMPLETED
4608,145,23,3,2024-08-09 02:21:05,COMPLETED
4609,58,21,4,2024-01-20 05:47:46,COMPLETED
4610,152,30,1,2024-03-10 14:41:46,COMPLETED
4611,29,11,9,2024-03-03 13:34:55,COMPLETED
4612,173,14,7,2024-04-26 09:29:47,COMPLETED
4613,21,21,10,2024-04-22 14:49:03,CANCELLED
4614,159,36,10,2024-10-23 11:52:33,COMPLETED
4615,101,23,5,2024-06-09 18:16:13,COMPLETED
4616,64,20,6,2024-10-19 17:10:21,COMPLETED
4617,75,15,5,2024-10-02 08:42:03,COMPLETED
4618,19,20,10,2024-02-17 02:42:44,COMPLETED
4619,155,38,4,2024-10-19 10:17:46,COMPLETED
4620,181,17,5,2024-08-12 14:19:36,COMPLETED
4621,58,37,5,2024-12-06 14:55:00,COMPLETED
4622,5,34,9,2024-03-07 12:58:47,COMPLETED
4623,13,38,6,2024-07-13 09:02:16,COMPLETED
4624,155,31,4,2024-08-11 13:09:45,COMPLETED
4625,137,34,10,2024-11-29 06:23:05,CANCELLED
4626,26,16,3,2024-02-10 05:43:39,CANCELLED
4627,195,37,8,2024-02-20 03:11:40,COMPLETED
4628,45,8,8,2024-10-22 19:24:24,COMPLETED
4629,84,20,9,2024-05-15 01:14:35,COMPLETED
4630,162,27,6,2024-05-10 18:04:03,COMPLETED
4631,150,9,3,2024-01-15 11:35:23,COMPLETED
4632,11,20,5,2024-08-08 01:53:13,COMPLETED
4633,78,25,2,2024-02-27 15:01:03,COMPLETED
4634,58,37,1,2024-11-15 14:32:52,COMPLETED
4635,189,23,2,2024-02-22 22:58:16,COMPLETED
4636,53,30,6,2024-11-29 09:32:09,COMPLETED
4637,92,34,10,2024-06-01 02:02:07,COMPLETED
4638,150,22,8,2024-01-01 21:35:39,COMPLETED
4639,111,6,10,2024-08-24 16:48:07,COMPLETED
4640,18,17,6,2024-08-02 14:08:37,COMPLETED
4641,67,21,7,2024-05-30 15:21:44,COMPLETED
4642,19,15,9,2024-08-01 21:10:34,COMPLETED
4643,53,19,3,2024-03-14 23:31:47,COMPLETED
4644,41,9,1,2024-11-29 04:54:32,COMPLETED
4645,80,30,5,2024-03-12 02:43:25,COMPLETED
4646,54,7,1,2024-04-26 23:55:35,COMPLETED
4647,116,38,7,2024-07-14 21:40:19,COMPLETED
4648,173,26,9,2024-11-18 19:17:59,COMPLETED
4649,142,21,3,2024-08-09 00:13:05,COMPLETED
4650,98,38,1,2024-02-29 09:58:33,COMPLETED
4651,168,6,8,2024-06-19 03:53:34,COMPLETED
4652,17,30,5,2024-03-14 03:18:12,CANCELLED
4652,17,30,5,2024-03-14 03:18:12,CANCELLED
4653,78,14,6,2024-01-23 16:45:00,COMPLETED
4654,138,24,1,2024-03-04 10:42:51,COMPLETED
4655,144,40,5,2024-06-12 22:29:01,COMPLETED
4656,47,29,6,2024-10-10 10:32:02,COMPLETED
4657,195,11,4,2024-03-19 01:50:45,COMPLETED
4658,40,40,4,2024-01-04 14:51:43,COMPLETED
4659,35,22,7,2024-08-10 18:29:49,CANCELLED
4660,56,14,1,2024-03-30 05:09:45,COMPLETED
4661,51,17,7,2024-06-30 22:14:00,COMPLETED
4662,188,8,7,2024-10-31 05:00:29,COMPLETED
4663,3,29,7,2024-02-25 03:29:03,COMPLETED
4664,157,40,6,2024-10-18 14:55:49,COMPLETED
4665,64,4,3,2024-04-17 23:05:31,COMPLETED
4666,54,4,2,2024-12-16 21:20:15,COMPLETED
4667,60,38,9,2024-10-25 21:01:42,COMPLETED
4668,125,11,4,2024-01-12 06:42:14,COMPLETED
4669,184,9,1,2024-02-19 08:14:45,COMPLETED
4670,118,5,10,2024-11-10 09:04:53,COMPLETED
4671,198,2,2,2024-06-25 09:37:36,COMPLETED
4672,42,9,5,2024-01-21 05:47:09,COMPLETED
4673,15,29,7,2024-12-21 20:27:31,COMPLETED
4674,170,35,8,2024-10-10 08:48:21,COMPLETED
4675,27,31,8,2024-05-04 17:00:28,COMPLETED
4676,106,7,10,2024-11-01 12:12:00,COMPLETED
4677,47,17,1,2024-05-30 00:44:19,COMPLETED
4678,139,15,9,2024-12-04 19:19:51,CANCELLED
4679,40,31,3,2024-05-11 20:10:04,COMPLETED
4680,17,12,3,2024-05-02 23:27:55,COMPLETED
4681,150,22,7,2024-06-02 02:14:15,COMPLETED
4682,73,17,9,2024-10-08 10:45:34,COMPLETED
4683,64,32,4,2024-08-31 13:56:15,COMPLETED
4684,147,5,3,2024-02-08 17:32:52,COMPLETED
4685,23,4,2,2024-07-25 04:29:39,COMPLETED
4686,132,3,4,2024-09-27 15:28:37,COMPLETED
4687,177,36,7,2024-11-09 12:58:36,CANCELLED
4688,158,4,2,2024-06-25 11:27:03,COMPLETED
4689,125,19,1,2024-11-05 21:19:07,COMPLETED
4690,58,39,3,2024-05-16 21:44:28,COMPLETED
4691,159,40,5,2024-09-26 16:41:45,COMPLETED
4692,154,21,2,2024-07-10 20:20:12,COMPLETED
4693,45,10,8,2024-05-30 14:39:18,COMPLETED
4694,64,15,9,2024-06-25 11:20:51,COMPLETED
4695,6,24,5,2024-02-28 02:52:18,COMPLETED
4696,97,12,7,2024-09-20 17:55:27,COMPLETED
4697,67,38,7,2024-11-26 02:32:59,CANCELLED
4698,50,1,9,2024-11-13 01:54:09,COMPLETED
4699,75,19,5,2024-06-20 23:22:07,COMPLETED
4700,5,20,9,2024-11-22 11:07:33,COMPLETED
4701,131,39,10,2024-12-24 05:50:39,COMPLETED
4702,70,30,1,2024-11-08 09:55:10,COMPLETED
4703,96,40,7,2024-10-24 11:13:12,COMPLETED
4704,90,5,10,2024-10-24 12:27:51,COMPLETED
4705,49,29,8,2024-04-09 22:56:34,COMPLETED
4706,47,26,7,2024-09-03 11:28:03,COMPLETED
4707,41,39,6,2024-06-09 19:49:48,COMPLETED
4708,48,29,8,2024-07-03 03:32:27,COMPLETED
4709,44,11,6,2024-08-08 07:02:53,COMPLETED
4710,108,6,7,2024-05-15 15:36:56,COMPLETED
4711,37,39,3,2024-01-11 18:54:00,COMPLETED
4712,147,11,3,2024-08-18 02:46:19,COMPLETED
4713,19,21,7,2024-03-25 19:19:17,COMPLETED
4714,152,21,6,2024-10-21 03:57:12,COMPLETED
4715,149,26,4,2024-06-18 06:48:16,COMPLETED
4716,172,10,7,2024-03-07 22:30:57,COMPLETED
4717,186,19,3,2024-01-17 14:24:57,COMPLETED
4718,20,22,5,2024-08-30 03:27:48,COMPLETED
4719,166,36,6,2024-02-07 17:00:02,COMPLETED
4720,186,7,4,2024-09-11 06:15:29,COMPLETED
4721,11,3,5,2024-08-10 21:06:15,COMPLETED
4722,58,11,2,2024-11-14 00:54:24,COMPLETED
4723,46,10,2,2024-11-17 21:18:30,COMPLETED
4724,20,24,5,2024-07-17 14:14:14,COMPLETED
4725,29,24,9,2024-02-29 16:09:22,COMPLETED
4726,140,27,9,2024-07-12 23:42:37,CANCELLED
4727,77,1,2,2024-10-23 13:02:36,COMPLETED
4728,136,21,5,2024-08-04 00:49:51,COMPLETED
4729,100,20,5,2024-10-18 07:13:14,COMPLETED
4730,173,1,1,2024-11-04 14:19:29,COMPLETED
4731,146,33,8,2024-06-20 18:00:51,COMPLETED
4732,123,16,6,2024-07-21 06:01:49,COMPLETED
4733,189,25,7,2024-04-19 10:16:37,CANCELLED
4734,103,20,2,2024-08-19 09:11:47,COMPLETED
4735,34,14,5,2024-09-12 17:42:07,COMPLETED
4736,157,10,7,2024-11-10 01:17:18,COMPLETED
4737,20,13,3,2024-01-07 15:27:20,COMPLETED
4738,17,3,5,2024-03-04 08:09:25,COMPLETED
4739,137,14,2,2024-04-19 06:52:48,COMPLETED
4740,131,37,2,2024-02-04 23:18:16,COMPLETED
4741,158,29,3,2024-11-16 13:07:15,COMPLETED
4742,151,40,10,2024-08-26 01:15:34,COMPLETED
4743,177,34,2,2024-09-10 02:10:10,COMPLETED
4744,179,13,2,2024-10-12 14:00:47,COMPLETED
4745,15,15,7,2024-06-12 23:38:23,COMPLETED
4746,189,11,1,2024-01-25 05:29:52,COMPLETED
4747,51,11,9,2024-05-10 17:54:13,COMPLETED
4748,102,13,2,2024-01-02 11:52:25,COMPLETED
4749,12,21,3,2024-04-14 22:00:23,COMPLETED
4750,136,16,9,2024-10-02 15:40:11,COMPLETED
4751,91,36,3,2024-12-25 04:44:16,COMPLETED
4752,158,11,10,2024-10-24 23:48:49,COMPLETED
4753,16,29,7,2024-07-26 09:04:18,COMPLETED
4754,42,30,7,2024-12-28 13:25:55,COMPLETED
4755,59,12,9,2024-12-11 11:04:14,COMPLETED
4756,129,40,7,2024-09-18 10:26:42,COMPLETED
4757,53,14,8,2024-06-07 06:15:34,CANCELLED
4758,22,33,6,2024-09-03 14:37:35,COMPLETED
4759,162,35,7,2024-03-09 18:04:06,COMPLETED
4760,27,16,7,2024-08-02 10:24:38,COMPLETED
4761,199,7,1,2024-01-29 21:19:26,COMPLETED
4762,170,33,3,2024-03-19 02:37:17,CANCELLED
4763,184,39,3,2024-02-08 12:08:20,COMPLETED
4764,131,15,6,2024-12-14 15:16:39,COMPLETED
4765,189,39,2,2024-07-24 04:37:31,COMPLETED
4766,182,2,7,2024-12-13 20:05:29,COMPLETED
4767,99,7,1,2024-06-13 01:54:36,COMPLETED
4768,186,24,10,2024-03-05 21:00:05,COMPLETED
4769,138,34,2,2024-11-28 13:18:00,COMPLETED
4770,69,16,2,2024-08-29 05:43:23,COMPLETED
4771,156,29,7,2024-02-15 08:27:29,COMPLETED
4772,129,8,6,2024-08-18 11:04:58,COMPLETED
4773,137,16,9,2024-09-26 01:10:09,COMPLETED
4774,170,32,3,2024-10-12 05:19:48,COMPLETED
4775,184,10,7,2024-05-26 08:41:11,COMPLETED
4776,103,35,7,2024-10-23 14:22:49,COMPLETED
4777,91,37,2,2024-02-23 17:39:46,COMPLETED
4778,53,20,10,2024-07-15 23:43:27,COMPLETED
4779,42,22,6,2024-03-27 19:19:02,COMPLETED
4780,172,28,1,2024-10-23 16:57:41,COMPLETED
4781,77,9,10,2024-11-30 15:11:22,COMPLETED
4782,114,18,8,2024-02-25 10:14:27,COMPLETED
4783,106,28,10,2024-04-28 06:15:54,COMPLETED
4784,113,37,10,2024-06-02 22:19:03,COMPLETED
4785,144,1,9,2024-10-30 15:20:27,COMPLETED
4786,79,32,5,2024-08-05 03:39:19,COMPLETED
4787,159,37,5,2024-06-06 12:43:40,COMPLETED
4788,131,13,10,2024-11-07 11:01:12,COMPLETED
4789,78,8,7,2024-06-28 10:33:21,COMPLETED
4790,118,34,6,2024-03-21 02:27:46,COMPLETED
4791,149,35,9,2024-02-11 11:36:51,CANCELLED
4792,75,38,9,2024-01-11 20:33:13,COMPLETED
4793,81,1,10,2024-03-05 17:25:59,COMPLETED
4794,132,26,1,2024-05-06 20:45:26,CANCELLED
4795,31,3,3,2024-06-03 18:01:27,COMPLETED
4796,118,3,7,2024-06-04 10:16:19,COMPLETED
4797,155,4,1,2024-11-22 04:07:49,COMPLETED
4798,70,35,5,2024-05-19 06:06:27,COMPLETED
4799,198,15,1,2024-08-04 00:55:25,COMPLETED
4800,147,36,4,2024-12-05 18:58:34,COMPLETED
4801,11,22,8,2024-04-28 11:56:10,COMPLETED
4802,139,36,4,2024-08-28 08:08:26,COMPLETED
4803,122,17,2,2024-08-02 21:25:48,COMPLETED
4804,61,1,3,2024-12-25 09:51:34,CANCELLED
4805,95,1,1,2024-01-01 05:53:22,COMPLETED
4806,174,23,7,2024-10-22 01:35:27,COMPLETED
4807,27,38,10,2024-05-18 05:08:39,COMPLETED
4808,5,23,7,2024-04-23 16:56:35,COMPLETED
4809,67,37,4,2024-11-16 13:55:10,COMPLETED
4810,139,19,7,2024-06-23 07:21:24,COMPLETED
4811,129,31,1,2024-09-10 20:15:06,COMPLETED
4812,121,11,7,2024-12-07 01:17:41,COMPLETED
4813,9,2,2,2024-09-02 01:33:51,COMPLETED
4814,110,24,2,2024-01-19 11:42:53,COMPLETED
4815,76,20,5,2024-02-21 01:55:03,COMPLETED
4816,12,26,8,2024-04-16 12:16:36,COMPLETED
4817,109,36,7,2024-11-13 20:58:29,CANCELLED
4818,43,20,1,2024-05-26 17:37:44,COMPLETED
4819,200,9,2,2024-05-05 16:14:18,CANCELLED
4820,157,39,7,2024-12-04 17:53:28,COMPLETED
4821,81,28,3,2024-03-12 13:12:41,CANCELLED
4822,47,8,10,2024-01-04 01:46:03,COMPLETED
4823,56,19,8,2024-11-04 00:29:26,COMPLETED
4824,128,20,8,2024-12-15 19:45:10,COMPLETED
4825,139,19,6,2024-05-24 14:41:50,COMPLETED
4826,154,28,6,2024-03-07 07:14:55,COMPLETED
4827,60,35,4,2024-05-01 09:04:56,COMPLETED
4828,21,9,5,2024-05-09 07:56:34,COMPLETED
4829,56,7,3,2024-09-29 10:36:37,COMPLETED
4830,153,4,1,2024-10-14 18:49:43,COMPLETED
4831,33,12,2,2024-12-27 09:03:32,COMPLETED
4832,184,31,4,2024-12-24 12:14:54,COMPLETED
4833,37,30,8,2024-03-01 23:50:22,COMPLETED
4834,70,35,9,2024-10-11 02:08:01,COMPLETED
4835,89,36,6,2024-10-03 15:43:39,COMPLETED
4836,142,21,3,2024-03-11 06:31:34,COMPLETED
4837,79,11,6,2024-02-24 08:21:51,COMPLETED
4838,81,7,7,2024-02-14 21:59:36,CANCELLED
4839,84,32,6,2024-08-26 19:43:43,COMPLETED
4840,18,4,6,2024-12-21 19:56:50,COMPLETED
4841,164,4,6,2024-04-29 19:33:26,COMPLETED
4842,67,29,8,2024-04-29 07:50:11,COMPLETED
4843,59,24,4,2024-05-18 11:57:28,COMPLETED
4844,77,29,9,2024-10-11 04:52:17,COMPLETED
4845,188,19,2,2024-11-19 14:36:35,COMPLETED
4846,119,8,6,2024-08-13 11:24:24,COMPLETED
4847,147,30,4,2024-04-10 22:58:45,COMPLETED
4848,155,14,1,2024-05-09 11:14:02,COMPLETED
4849,131,35,1,2024-03-27 07:28:42,COMPLETED
4850,136,14,7,2024-02-02 06:58:32,COMPLETED
4851,18,13,4,2024-11-16 14:12:06,COMPLETED
4852,154,12,7,2024-12-29 15:18:46,COMPLETED
4853,122,33,9,2024-12-11 11:54:02,COMPLETED
4854,143,5,6,2024-11-04 12:22:51,COMPLETED
4855,140,31,4,2024-01-04 17:52:34,COMPLETED
4856,143,28,3,2024-05-02 17:03:03,COMPLETED
4857,81,12,2,2024-06-21 21:17:17,COMPLETED
4858,105,21,4,2024-12-25 20:22:18,COMPLETED
4859,58,31,9,2024-01-20 10:03:26,COMPLETED
4860,145,7,6,2024-06-13 23:56:34,COMPLETED
4861,49,19,5,2024-12-03 14:59:24,COMPLETED
4862,23,31,8,2024-10-15 06:48:01,COMPLETED
4863,42,38,7,2024-08-16 16:28:58,CANCELLED
4864,80,15,4,2024-11-11 23:36:20,COMPLETED
4865,151,39,10,2024-04-09 18:58:16,COMPLETED
4866,162,28,5,2024-12-17 20:51:36,COMPLETED
4867,157,38,10,2024-08-15 12:23:55,COMPLETED
4868,177,3,2,2024-01-19 17:28:56,COMPLETED
4869,142,22,8,2024-03-29 11:56:57,COMPLETED
4870,137,15,6,2024-03-04 14:02:07,COMPLETED
4871,22,35,10,2024-06-08 01:44:13,COMPLETED
4872,75,19,3,2024-09-09 15:34:32,COMPLETED
4873,71,33,9,2024-04-25 13:16:52,COMPLETED
4874,172,40,8,2024-08-14 08:27:09,COMPLETED
4875,44,36,6,2024-11-15 23:10:00,COMPLETED
4876,126,22,10,2024-05-15 08:31:48,COMPLETED
4877,33,34,2,2024-11-23 05:28:48,COMPLETED
4878,46,10,2,2024-06-20 07:25:07,COMPLETED
4879,119,35,10,2024-09-13 10:45:04,COMPLETED
4880,162,5,3,2024-04-26 05:06:59,COMPLETED
4881,49,39,8,2024-12-15 00:37:07,COMPLETED
4882,4,22,10,2024-07-24 11:45:51,COMPLETED
4883,68,22,2,2024-11-02 18:28:19,COMPLETED
4884,53,28,8,2024-10-22 08:50:04,COMPLETED
4885,134,26,9,2024-02-10 16:54:38,COMPLETED
4886,186,14,1,2024-03-22 12:35:47,COMPLETED
4887,88,28,9,2024-02-14 07:16:26,COMPLETED
4888,148,16,10,2024-07-09 22:49:40,COMPLETED
4889,21,18,6,2024-08-11 20:47:21,COMPLETED
4890,6,40,10,2024-09-01 18:35:21,COMPLETED
4891,27,29,8,2024-08-12 02:53:20,COMPLETED
4892,81,10,9,2024-11-30 13:13:52,COMPLETED
4893,109,38,4,2024-03-26 19:58:23,COMPLETED
4894,96,6,6,2024-10-16 03:22:08,COMPLETED
4895,193,2,8,2024-10-17 21:12:25,COMPLETED
4896,172,21,4,2024-02-19 03:24:21,COMPLETED
4897,6,8,2,2024-08-11 13:39:49,COMPLETED
4898,150,6,1,2024-04-06 13:18:15,CANCELLED
4899,137,9,10,2024-07-03 04:53:41,COMPLETED
4900,166,21,6,2024-02-17 02:14:57,COMPLETED
4901,110,3,10,2024-01-23 22:34:47,COMPLETED
4902,84,35,2,2024-11-28 06:37:57,COMPLETED
4903,32,3,5,2024-05-07 06:45:38,COMPLETED
4904,35,20,4,2024-10-04 12:52:06,COMPLETED
4905,103,5,6,2024-12-28 05:04:43,COMPLETED
4906,136,32,4,2024-05-27 05:36:16,COMPLETED
4907,36,29,2,2024-03-25 06:53:37,COMPLETED
4908,131,39,7,2024-08-08 17:24:19,COMPLETED
4909,91,16,10,2024-01-24 10:32:12,COMPLETED
4910,161,22,9,2024-05-04 22:59:37,CANCELLED
4911,193,28,2,2024-05-22 10:03:35,COMPLETED
4912,75,29,4,2024-02-03 09:05:43,COMPLETED
4913,99,25,4,2024-08-15 02:34:27,COMPLETED
4914,48,23,6,2024-11-02 17:58:19,COMPLETED
4915,26,25,5,2024-04-05 13:48:43,COMPLETED
4916,174,40,1,2024-09-13 07:52:31,COMPLETED
4917,131,16,8,2024-07-07 19:19:50,COMPLETED
4918,8,11,9,2024-08-18 21:09:14,COMPLETED
4919,197,25,7,2024-01-02 19:40:35,COMPLETED
4920,64,19,3,2024-07-21 10:18:32,COMPLETED
4921,66,17,2,2024-11-13 06:59:38,COMPLETED
4922,106,5,1,2024-12-12 22:10:19,COMPLETED
4923,179,30,6,2024-09-03 10:57:23,COMPLETED
4924,86,35,5,2024-06-08 01:41:58,COMPLETED
4925,11,24,2,2024-01-15 13:16:39,COMPLETED
4926,144,35,1,2024-02-22 13:43:47,COMPLETED
4927,55,1,5,2024-02-25 10:09:10,COMPLETED
4928,54,28,3,2024-12-28 14:02:01,COMPLETED
4929,27,17,5,2024-09-19 16:48:18,COMPLETED
4929,27,17,5,2024-09-19 16:48:18,COMPLETED
4930,30,34,10,2024-03-30 06:58:45,COMPLETED
4931,55,2,10,2024-06-08 21:53:41,COMPLETED
4932,12,27,8,2024-06-05 04:08:28,COMPLETED
4933,194,39,1,2024-08-09 05:41:19,COMPLETED
4934,130,35,5,2024-12-30 11:18:33,COMPLETED
4935,117,18,6,2024-10-19 23:30:23,CANCELLED
4936,29,16,6,2024-07-27 19:08:43,COMPLETED
4937,117,9,8,2024-02-17 21:06:27,COMPLETED
4938,51,2,7,2024-11-09 00:52:31,COMPLETED
4939,144,8,2,2024-10-21 04:57:40,COMPLETED
4940,70,3,4,2024-04-28 11:25:45,CANCELLED
4941,152,33,9,2024-12-15 23:17:17,COMPLETED
4942,127,14,9,2024-07-01 11:43:22,COMPLETED
4943,192,23,9,2024-03-27 09:20:05,COMPLETED
4944,55,26,5,2024-10-22 12:51:23,COMPLETED
4945,4,17,2,2024-03-31 07:30:21,COMPLETED
4946,155,1,10,2024-12-20 15:07:18,COMPLETED
4947,90,13,9,2024-11-16 17:59:21,COMPLETED
4948,108,2,3,2024-07-30 15:18:44,COMPLETED
4949,35,23,5,2024-11-01 20:15:30,COMPLETED
4950,11,17,2,2024-09-11 10:59:18,COMPLETED
4951,60,6,10,2024-01-14 12:49:38,COMPLETED
4952,92,29,8,2024-02-22 00:30:33,COMPLETED
4953,195,18,2,2024-01-08 15:26:00,COMPLETED
4954,177,32,10,2024-11-21 18:47:40,COMPLETED
4955,26,37,4,2024-03-02 23:12:59,COMPLETED
4956,200,16,9,2024-09-06 19:29:32,COMPLETED
4957,160,31,10,2024-04-30 05:22:04,COMPLETED
4958,163,10,3,2024-10-18 12:35:30,COMPLETED
4959,120,2,10,2024-10-10 13:51:43,COMPLETED
4960,122,10,7,2024-04-09 07:50:58,COMPLETED
4961,148,27,4,2024-03-12 04:46:49,COMPLETED
4962,21,32,5,2024-11-04 03:29:55,COMPLETED
4963,75,1,5,2024-11-19 06:21:36,COMPLETED
4964,166,14,3,2024-06-11 19:22:35,COMPLETED
4965,137,40,1,2024-01-14 18:22:51,COMPLETED
4966,98,34,7,2024-02-08 12:46:02,COMPLETED
4967,56,4,8,2024-01-05 15:50:26,COMPLETED
4968,103,29,3,2024-01-22 18:48:06,CANCELLED
4969,39,3,1,2024-08-18 21:40:16,COMPLETED
4970,61,26,7,2024-10-07 04:19:26,COMPLETED
4971,147,24,4,2024-06-07 22:40:27,CANCELLED
4972,150,2,1,2024-05-11 15:22:29,COMPLETED
4973,155,21,1,2024-01-24 06:36:40,COMPLETED
4974,63,9,6,2024-11-05 21:21:08,COMPLETED
4975,4,2,8,2024-03-24 23:01:01,COMPLETED
4976,23,13,1,2024-09-11 02:58:12,COMPLETED
4977,42,6,2,2024-03-20 07:13:28,COMPLETED
4978,98,37,1,2024-10-15 15:32:23,COMPLETED
4979,20,25,8,2024-02-25 08:31:22,COMPLETED
4980,7,17,6,2024-12-03 22:16:52,CANCELLED
4981,199,18,7,2024-11-03 17:12:39,COMPLETED
4982,127,8,10,2024-03-05 22:15:59,COMPLETED
4983,18,31,1,2024-06-25 14:55:58,COMPLETED
4984,63,27,1,2024-02-26 04:41:57,COMPLETED
4985,195,20,5,2024-11-28 18:13:15,COMPLETED
4986,34,12,6,2024-02-26 00:16:17,COMPLETED
4987,102,1,3,2024-05-12 22:39:54,COMPLETED
4988,151,18,2,2024-02-25 02:45:13,CANCELLED
4989,171,2,10,2024-04-15 11:28:09,COMPLETED
4990,115,31,3,2024-05-25 22:58:02,COMPLETED
4991,54,12,7,2024-09-06 03:42:19,COMPLETED
4992,81,7,4,2024-12-24 10:30:38,COMPLETED
4993,105,6,8,2024-08-22 01:21:54,COMPLETED
4994,185,36,1,2024-09-19 23:16:59,COMPLETED
4995,89,23,10,2024-07-28 17:37:47,COMPLETED
4996,98,3,3,2024-02-11 01:50:08,COMPLETED
4997,171,8,6,2024-12-27 05:32:27,COMPLETED
4998,24,11,7,2024-07-28 21:45:22,COMPLETED
4999,194,19,10,2024-11-07 14:17:33,COMPLETED
5000,106,17,8,2024-08-03 22:19:11,COMPLETED
